,time,sewer_and_water,power,roads_and_bridges,medical,buildings,shake_intensity,median
157,2020-04-06 00:05:00,10.0,1.0,4.0,,3.0,,
96,2020-04-06 01:10:00,7.0,3.0,9.0,,8.0,,
161,2020-04-06 01:15:00,8.0,9.0,4.0,,10.0,,
98,2020-04-06 01:15:00,2.0,8.0,10.0,,1.0,,
48,2020-04-06 02:15:00,9.0,7.0,10.0,,0.0,,
4,2020-04-06 06:30:00,6.0,6.0,7.0,,3.0,,
216,2020-04-06 07:05:00,5.0,2.0,1.0,,10.0,,
114,2020-04-06 07:45:00,10.0,4.0,10.0,,7.0,0.0,
207,2020-04-06 08:00:00,10.0,10.0,9.0,,4.0,,
182,2020-04-06 08:25:00,2.0,2.0,8.0,,2.0,,
153,2020-04-06 08:30:00,3.0,8.0,5.0,,3.0,1.0,
199,2020-04-06 08:35:00,2.0,1.0,10.0,,4.0,0.0,
39,2020-04-06 09:25:00,1.0,1.0,6.0,,5.0,,
46,2020-04-06 09:35:00,2.0,6.0,10.0,,10.0,,
69,2020-04-06 09:55:00,1.0,8.0,10.0,,2.0,,
15,2020-04-06 11:45:00,2.0,1.0,10.0,,10.0,,
173,2020-04-06 11:55:00,1.0,1.0,9.0,,10.0,0.0,
65,2020-04-06 13:10:00,8.0,4.0,10.0,,0.0,,
112,2020-04-06 13:55:00,10.0,4.0,5.0,,8.0,,
231,2020-04-06 14:35:00,0.0,1.0,3.0,,2.0,-0.0,
230,2020-04-06 14:35:00,0.0,1.0,4.0,,2.0,-0.0,
220,2020-04-06 14:40:00,1.0,0.0,3.0,,3.0,-0.0,
227,2020-04-06 14:50:00,0.0,0.0,4.0,,3.0,-0.0,
109,2020-04-06 14:55:00,2.0,9.0,9.0,,8.0,,
228,2020-04-06 14:55:00,-0.0,0.0,5.0,,1.0,0.0,
225,2020-04-06 15:00:00,0.0,0.0,3.0,,1.0,1.0,
233,2020-04-06 15:20:00,0.0,1.0,3.0,,2.0,0.0,
221,2020-04-06 15:25:00,0.0,0.0,5.0,,3.0,1.0,
234,2020-04-06 15:50:00,0.0,1.0,5.0,,2.0,-0.0,
253,2020-04-06 16:00:00,0.0,-0.0,5.0,,0.0,-0.0,
268,2020-04-06 16:00:00,1.0,1.0,4.0,,2.0,0.0,
261,2020-04-06 16:05:00,-0.0,-0.0,5.0,,2.0,1.0,
260,2020-04-06 16:05:00,1.0,1.0,4.0,,2.0,1.0,
270,2020-04-06 16:05:00,1.0,1.0,5.0,,3.0,0.0,
252,2020-04-06 16:05:00,0.0,1.0,5.0,,2.0,0.0,
246,2020-04-06 16:10:00,0.0,0.0,4.0,,2.0,0.0,
294,2020-04-06 16:10:00,1.0,0.0,4.0,,2.0,0.0,
301,2020-04-06 16:10:00,1.0,0.0,5.0,,3.0,-0.0,
269,2020-04-06 16:15:00,0.0,0.0,4.0,,1.0,0.0,
232,2020-04-06 16:15:00,1.0,1.0,3.0,,2.0,0.0,
242,2020-04-06 16:15:00,-0.0,1.0,4.0,,2.0,0.0,
44,2020-04-06 16:15:00,0.0,7.0,1.0,,10.0,,
251,2020-04-06 16:15:00,0.0,0.0,5.0,,3.0,-0.0,
282,2020-04-06 16:20:00,1.0,0.0,4.0,,2.0,0.0,
247,2020-04-06 16:20:00,1.0,0.0,4.0,,0.0,0.0,
297,2020-04-06 16:20:00,-0.0,0.0,4.0,,3.0,0.0,
299,2020-04-06 16:25:00,1.0,0.0,4.0,,1.0,0.0,
277,2020-04-06 16:25:00,-0.0,-0.0,4.0,,3.0,0.0,
255,2020-04-06 16:25:00,1.0,-0.0,3.0,,2.0,0.0,
264,2020-04-06 16:25:00,-0.0,1.0,4.0,,2.0,0.0,
279,2020-04-06 16:25:00,0.0,0.0,4.0,,3.0,1.0,
289,2020-04-06 16:30:00,-0.0,-0.0,4.0,,2.0,1.0,
243,2020-04-06 16:30:00,0.0,0.0,3.0,,3.0,0.0,
256,2020-04-06 16:30:00,-0.0,0.0,4.0,,2.0,0.0,
249,2020-04-06 16:30:00,-0.0,0.0,5.0,,2.0,-0.0,
223,2020-04-06 16:35:00,0.0,0.0,4.0,1.0,2.0,0.0,1.4
292,2020-04-06 16:35:00,1.0,0.0,4.0,,2.0,0.0,
248,2020-04-06 16:35:00,1.0,1.0,3.0,,2.0,0.0,
295,2020-04-06 16:35:00,1.0,-0.0,2.0,,2.0,0.0,
250,2020-04-06 16:35:00,0.0,1.0,4.0,,2.0,-0.0,
283,2020-04-06 16:40:00,-0.0,0.0,6.0,,2.0,-0.0,
281,2020-04-06 16:40:00,-0.0,0.0,5.0,,2.0,-0.0,
298,2020-04-06 16:45:00,0.0,0.0,3.0,,2.0,1.0,
222,2020-04-06 16:45:00,1.0,0.0,3.0,,2.0,-0.0,
257,2020-04-06 16:45:00,0.0,0.0,4.0,,2.0,0.0,
293,2020-04-06 16:45:00,-0.0,-0.0,4.0,,1.0,0.0,
238,2020-04-06 16:45:00,-0.0,-0.0,6.0,,2.0,0.0,
236,2020-04-06 16:50:00,1.0,0.0,4.0,,2.0,0.0,
291,2020-04-06 16:50:00,1.0,0.0,5.0,,2.0,0.0,
280,2020-04-06 16:50:00,-0.0,0.0,5.0,,3.0,-0.0,
271,2020-04-06 16:50:00,0.0,0.0,4.0,,3.0,0.0,
302,2020-04-06 16:50:00,1.0,0.0,5.0,,2.0,1.0,
244,2020-04-06 16:55:00,-0.0,0.0,4.0,,3.0,1.0,
287,2020-04-06 17:00:00,-0.0,0.0,3.0,,2.0,0.0,
266,2020-04-06 17:05:00,0.0,-0.0,4.0,,2.0,-0.0,
241,2020-04-06 17:05:00,0.0,1.0,4.0,,2.0,1.0,
245,2020-04-06 17:10:00,-0.0,0.0,6.0,,3.0,0.0,
226,2020-04-06 17:15:00,-0.0,1.0,5.0,,2.0,1.0,
254,2020-04-06 17:15:00,0.0,0.0,4.0,,3.0,0.0,
259,2020-04-06 17:20:00,-0.0,1.0,3.0,,1.0,1.0,
288,2020-04-06 17:20:00,-0.0,-0.0,3.0,,3.0,0.0,
258,2020-04-06 17:20:00,0.0,0.0,5.0,,2.0,1.0,
276,2020-04-06 17:25:00,0.0,1.0,4.0,,2.0,1.0,
290,2020-04-06 17:30:00,0.0,0.0,4.0,,2.0,-0.0,
224,2020-04-06 17:35:00,0.0,1.0,5.0,,1.0,0.0,
235,2020-04-06 17:35:00,0.0,1.0,4.0,,0.0,-0.0,
274,2020-04-06 17:45:00,0.0,0.0,5.0,,2.0,1.0,
278,2020-04-06 17:50:00,-0.0,0.0,5.0,,2.0,0.0,
240,2020-04-06 17:55:00,0.0,-0.0,4.0,,2.0,-0.0,
273,2020-04-06 17:55:00,-0.0,0.0,4.0,,2.0,0.0,
237,2020-04-06 17:55:00,-0.0,-0.0,4.0,,2.0,-0.0,
265,2020-04-06 18:00:00,-0.0,-0.0,5.0,,2.0,0.0,
275,2020-04-06 18:00:00,-0.0,0.0,2.0,,1.0,0.0,
239,2020-04-06 18:00:00,-0.0,-0.0,3.0,,1.0,-0.0,
285,2020-04-06 18:15:00,0.0,-0.0,3.0,,2.0,-0.0,
272,2020-04-06 18:25:00,-0.0,-0.0,4.0,,3.0,0.0,
262,2020-04-06 18:25:00,0.0,0.0,6.0,,1.0,0.0,
267,2020-04-06 18:30:00,-0.0,0.0,4.0,,3.0,0.0,
263,2020-04-06 18:30:00,-0.0,0.0,5.0,,2.0,0.0,
286,2020-04-06 18:50:00,0.0,0.0,5.0,,2.0,0.0,
300,2020-04-06 18:55:00,-0.0,0.0,4.0,,1.0,-0.0,
191,2020-04-06 19:00:00,5.0,7.0,0.0,,9.0,,
218,2020-04-06 19:25:00,0.0,0.0,6.0,,1.0,0.0,
202,2020-04-06 19:35:00,7.0,1.0,1.0,,6.0,1.0,
14,2020-04-06 19:40:00,7.0,1.0,10.0,,5.0,0.0,
296,2020-04-06 19:40:00,0.0,1.0,4.0,,1.0,-0.0,
229,2020-04-06 19:40:00,1.0,1.0,4.0,,2.0,0.0,
217,2020-04-06 19:55:00,5.0,3.0,7.0,,10.0,0.0,
183,2020-04-06 19:55:00,10.0,2.0,2.0,,0.0,,
284,2020-04-06 20:00:00,0.0,0.0,4.0,,2.0,0.0,
6,2020-04-06 21:00:00,1.0,4.0,8.0,,5.0,0.0,
55,2020-04-06 21:20:00,7.0,10.0,4.0,,7.0,,
53,2020-04-06 21:20:00,2.0,1.0,7.0,,6.0,,
184,2020-04-06 21:40:00,9.0,1.0,9.0,,10.0,,
17,2020-04-06 22:05:00,6.0,6.0,0.0,,9.0,,
37,2020-04-06 22:10:00,4.0,6.0,9.0,,2.0,,
155,2020-04-06 22:40:00,9.0,2.0,10.0,,7.0,,
219,2020-04-06 23:00:00,1.0,1.0,4.0,,3.0,2.0,
170,2020-04-06 23:15:00,8.0,2.0,9.0,,1.0,1.0,
129,2020-04-06 23:40:00,7.0,4.0,2.0,,8.0,,
119,2020-04-06 23:50:00,6.0,4.0,9.0,,0.0,,
79,2020-04-06 23:55:00,6.0,7.0,10.0,,2.0,,
7,2020-04-07 00:05:00,1.0,7.0,6.0,,10.0,,
91,2020-04-07 01:50:00,2.0,0.0,7.0,,0.0,,
76,2020-04-07 01:50:00,3.0,1.0,7.0,,2.0,,
124,2020-04-07 02:10:00,4.0,9.0,6.0,,0.0,,
107,2020-04-07 02:20:00,4.0,4.0,10.0,,7.0,1.0,
110,2020-04-07 02:45:00,1.0,10.0,8.0,,1.0,,
12,2020-04-07 02:50:00,1.0,4.0,9.0,,9.0,,
171,2020-04-07 03:05:00,2.0,10.0,7.0,,3.0,,
122,2020-04-07 03:10:00,0.0,10.0,8.0,,0.0,,
133,2020-04-07 03:55:00,2.0,7.0,4.0,,8.0,,
95,2020-04-07 04:45:00,3.0,3.0,3.0,,9.0,,
140,2020-04-07 05:00:00,10.0,6.0,6.0,,4.0,,
180,2020-04-07 05:35:00,3.0,10.0,5.0,,0.0,,
205,2020-04-07 06:45:00,9.0,3.0,6.0,,10.0,,
137,2020-04-07 08:05:00,10.0,6.0,3.0,,0.0,,
208,2020-04-07 08:20:00,9.0,1.0,9.0,,4.0,,
34,2020-04-07 08:30:00,8.0,0.0,6.0,,9.0,,
1,2020-04-07 09:35:00,3.0,3.0,3.0,,10.0,,
10,2020-04-07 09:35:00,7.0,10.0,2.0,,0.0,,
97,2020-04-07 10:25:00,5.0,7.0,7.0,,7.0,,
113,2020-04-07 11:35:00,7.0,2.0,6.0,,10.0,,
116,2020-04-07 12:15:00,5.0,9.0,2.0,,6.0,0.0,
131,2020-04-07 12:50:00,8.0,3.0,10.0,,1.0,,
59,2020-04-07 12:50:00,3.0,8.0,0.0,,5.0,,
118,2020-04-07 13:00:00,5.0,9.0,0.0,,4.0,,
43,2020-04-07 13:20:00,6.0,9.0,8.0,,6.0,,
192,2020-04-07 13:45:00,6.0,5.0,10.0,,0.0,1.0,
22,2020-04-07 13:50:00,3.0,0.0,6.0,,1.0,,
189,2020-04-07 14:05:00,10.0,10.0,1.0,,10.0,,
127,2020-04-07 15:00:00,10.0,10.0,1.0,,3.0,,
162,2020-04-07 15:10:00,7.0,4.0,6.0,,0.0,,
168,2020-04-07 15:10:00,0.0,2.0,3.0,,8.0,0.0,
163,2020-04-07 15:15:00,4.0,3.0,1.0,,10.0,,
90,2020-04-07 15:40:00,2.0,5.0,6.0,,4.0,0.0,
50,2020-04-07 16:05:00,3.0,5.0,2.0,,10.0,,
152,2020-04-07 17:00:00,3.0,7.0,10.0,,6.0,,
134,2020-04-07 17:15:00,10.0,10.0,9.0,2.0,7.0,,7.6
23,2020-04-07 17:20:00,8.0,6.0,10.0,,6.0,0.0,
18,2020-04-07 17:30:00,6.0,10.0,0.0,,10.0,1.0,
169,2020-04-07 18:35:00,10.0,4.0,10.0,,8.0,,
77,2020-04-07 18:45:00,10.0,6.0,7.0,,0.0,,
40,2020-04-07 19:00:00,3.0,5.0,7.0,,10.0,,
47,2020-04-07 19:15:00,0.0,10.0,9.0,,6.0,,
87,2020-04-07 20:50:00,5.0,5.0,9.0,,1.0,,
9,2020-04-07 21:15:00,10.0,10.0,0.0,,7.0,,
197,2020-04-07 21:35:00,6.0,2.0,2.0,,6.0,,
52,2020-04-07 22:15:00,10.0,4.0,8.0,,9.0,,
63,2020-04-07 22:45:00,4.0,7.0,10.0,,7.0,,
175,2020-04-07 23:05:00,7.0,10.0,7.0,,9.0,,
5,2020-04-07 23:55:00,9.0,4.0,10.0,,8.0,,
159,2020-04-08 00:00:00,5.0,1.0,10.0,,5.0,,
106,2020-04-08 00:15:00,2.0,10.0,9.0,,9.0,,
35,2020-04-08 00:25:00,4.0,3.0,2.0,,10.0,0.0,
158,2020-04-08 01:25:00,10.0,7.0,10.0,,2.0,,
57,2020-04-08 01:30:00,10.0,10.0,4.0,,6.0,,
194,2020-04-08 01:30:00,7.0,9.0,1.0,,4.0,1.0,
201,2020-04-08 01:50:00,0.0,3.0,1.0,,1.0,0.0,
93,2020-04-08 02:00:00,5.0,9.0,9.0,,10.0,,
210,2020-04-08 02:10:00,6.0,1.0,1.0,,7.0,,
38,2020-04-08 02:35:00,8.0,10.0,0.0,,8.0,,
84,2020-04-08 03:05:00,10.0,3.0,4.0,,9.0,0.0,
193,2020-04-08 03:40:00,9.0,5.0,8.0,,9.0,,
80,2020-04-08 04:10:00,5.0,2.0,10.0,,6.0,,
120,2020-04-08 04:40:00,0.0,7.0,9.0,,6.0,,
125,2020-04-08 05:35:00,1.0,4.0,8.0,,1.0,,
3,2020-04-08 06:05:00,8.0,10.0,0.0,,4.0,,
30,2020-04-08 06:10:00,2.0,4.0,3.0,,10.0,,
141,2020-04-08 07:40:00,5.0,0.0,2.0,,6.0,,
657,2020-04-08 08:35:00,5.0,4.0,5.0,,4.0,,
679,2020-04-08 08:35:00,5.0,5.0,4.0,,6.0,,
758,2020-04-08 08:40:00,5.0,4.0,5.0,,4.0,,
647,2020-04-08 08:40:00,5.0,7.0,6.0,,4.0,,
604,2020-04-08 08:40:00,3.0,5.0,5.0,,4.0,,
320,2020-04-08 08:40:00,2.0,2.0,3.0,,2.0,4.0,
361,2020-04-08 08:40:00,3.0,3.0,2.0,,2.0,4.0,
638,2020-04-08 08:40:00,5.0,5.0,4.0,,6.0,,
607,2020-04-08 08:40:00,6.0,4.0,6.0,,4.0,,
634,2020-04-08 08:45:00,4.0,5.0,5.0,,4.0,,
332,2020-04-08 08:45:00,2.0,1.0,2.0,,2.0,3.0,
592,2020-04-08 08:45:00,3.0,6.0,5.0,,5.0,,
664,2020-04-08 08:45:00,5.0,5.0,5.0,,4.0,,
688,2020-04-08 08:45:00,4.0,5.0,5.0,,5.0,,
427,2020-04-08 08:45:00,3.0,3.0,3.0,,2.0,4.0,
468,2020-04-08 08:45:00,2.0,2.0,2.0,0.0,3.0,4.0,1.8
519,2020-04-08 08:45:00,3.0,2.0,2.0,,2.0,4.0,
742,2020-04-08 08:45:00,4.0,5.0,4.0,,5.0,,
700,2020-04-08 08:45:00,4.0,5.0,6.0,,6.0,,
736,2020-04-08 08:45:00,6.0,5.0,4.0,,6.0,,
645,2020-04-08 08:45:00,5.0,5.0,5.0,,5.0,,
478,2020-04-08 08:45:00,2.0,3.0,2.0,,3.0,4.0,
498,2020-04-08 08:45:00,2.0,3.0,1.0,,2.0,4.0,
462,2020-04-08 08:50:00,2.0,1.0,3.0,,2.0,3.0,
667,2020-04-08 08:50:00,6.0,5.0,5.0,,5.0,,
339,2020-04-08 08:50:00,3.0,3.0,1.0,,3.0,2.0,
481,2020-04-08 08:50:00,3.0,2.0,2.0,,1.0,4.0,
367,2020-04-08 08:50:00,2.0,2.0,2.0,,2.0,5.0,
533,2020-04-08 08:50:00,5.0,6.0,5.0,,5.0,,
610,2020-04-08 08:50:00,5.0,5.0,6.0,,4.0,,
619,2020-04-08 08:50:00,5.0,6.0,5.0,,5.0,,
624,2020-04-08 08:50:00,5.0,6.0,5.0,,4.0,,
430,2020-04-08 08:50:00,2.0,2.0,2.0,,2.0,4.0,
677,2020-04-08 08:50:00,5.0,5.0,5.0,,4.0,,
557,2020-04-08 08:50:00,5.0,5.0,6.0,,4.0,,
501,2020-04-08 08:55:00,2.0,1.0,2.0,,2.0,3.0,
659,2020-04-08 08:55:00,4.0,6.0,5.0,,4.0,,
611,2020-04-08 08:55:00,5.0,5.0,5.0,,4.0,,
491,2020-04-08 08:55:00,2.0,1.0,2.0,,1.0,4.0,
351,2020-04-08 08:55:00,2.0,2.0,3.0,,3.0,4.0,
387,2020-04-08 08:55:00,2.0,1.0,4.0,,2.0,3.0,
642,2020-04-08 08:55:00,5.0,6.0,6.0,6.0,6.0,,5.8
563,2020-04-08 08:55:00,5.0,5.0,4.0,,5.0,,
705,2020-04-08 08:55:00,6.0,5.0,5.0,,5.0,,
725,2020-04-08 08:55:00,4.0,3.0,6.0,,5.0,,
398,2020-04-08 08:55:00,3.0,2.0,2.0,,1.0,4.0,
702,2020-04-08 08:55:00,5.0,5.0,5.0,,6.0,,
687,2020-04-08 08:55:00,5.0,4.0,5.0,,6.0,,
403,2020-04-08 08:55:00,2.0,1.0,2.0,,1.0,4.0,
694,2020-04-08 08:55:00,6.0,6.0,5.0,,4.0,,
464,2020-04-08 08:55:00,3.0,2.0,1.0,,1.0,4.0,
767,2020-04-08 08:55:00,5.0,4.0,4.0,,5.0,,
703,2020-04-08 08:55:00,5.0,6.0,4.0,,4.0,,
425,2020-04-08 09:00:00,1.0,2.0,3.0,,2.0,3.0,
622,2020-04-08 09:00:00,5.0,6.0,6.0,,5.0,,
316,2020-04-08 09:00:00,3.0,1.0,1.0,,1.0,4.0,
732,2020-04-08 09:00:00,6.0,4.0,6.0,,5.0,,
682,2020-04-08 09:00:00,4.0,5.0,5.0,,5.0,,
500,2020-04-08 09:00:00,2.0,2.0,2.0,,3.0,4.0,
650,2020-04-08 09:00:00,5.0,6.0,5.0,,4.0,,
488,2020-04-08 09:00:00,2.0,2.0,3.0,,2.0,3.0,
558,2020-04-08 09:00:00,5.0,4.0,5.0,,5.0,,
768,2020-04-08 09:00:00,5.0,5.0,5.0,,5.0,,
340,2020-04-08 09:00:00,3.0,1.0,2.0,,2.0,3.0,
660,2020-04-08 09:05:00,4.0,5.0,5.0,,5.0,,
388,2020-04-08 09:05:00,1.0,1.0,2.0,,3.0,4.0,
614,2020-04-08 09:05:00,4.0,5.0,5.0,,5.0,,
512,2020-04-08 09:05:00,3.0,2.0,3.0,,4.0,4.0,
675,2020-04-08 09:05:00,5.0,4.0,4.0,,4.0,,
535,2020-04-08 09:05:00,5.0,4.0,6.0,,3.0,,
365,2020-04-08 09:05:00,2.0,2.0,1.0,,2.0,4.0,
696,2020-04-08 09:05:00,5.0,6.0,5.0,,5.0,,
457,2020-04-08 09:05:00,2.0,2.0,3.0,,2.0,4.0,
599,2020-04-08 09:05:00,6.0,5.0,5.0,,4.0,,
630,2020-04-08 09:05:00,5.0,5.0,5.0,,6.0,,
377,2020-04-08 09:05:00,3.0,2.0,2.0,,2.0,4.0,
723,2020-04-08 09:05:00,4.0,3.0,4.0,,4.0,,
722,2020-04-08 09:05:00,3.0,4.0,5.0,,5.0,,
323,2020-04-08 09:05:00,2.0,1.0,2.0,,3.0,5.0,
766,2020-04-08 09:05:00,4.0,6.0,3.0,,6.0,,
461,2020-04-08 09:05:00,3.0,2.0,3.0,,2.0,3.0,
379,2020-04-08 09:05:00,3.0,2.0,3.0,,2.0,4.0,
357,2020-04-08 09:05:00,2.0,3.0,1.0,,2.0,3.0,
741,2020-04-08 09:10:00,4.0,4.0,5.0,,5.0,,
515,2020-04-08 09:10:00,2.0,1.0,3.0,,2.0,4.0,
770,2020-04-08 09:10:00,5.0,5.0,4.0,,5.0,,
417,2020-04-08 09:10:00,2.0,3.0,2.0,,3.0,4.0,
616,2020-04-08 09:10:00,5.0,4.0,4.0,,4.0,,
489,2020-04-08 09:10:00,3.0,2.0,0.0,,2.0,3.0,
761,2020-04-08 09:10:00,5.0,4.0,5.0,,4.0,,
530,2020-04-08 09:10:00,2.0,3.0,2.0,,2.0,4.0,
655,2020-04-08 09:10:00,5.0,4.0,5.0,,5.0,,
670,2020-04-08 09:10:00,6.0,4.0,6.0,,6.0,,
609,2020-04-08 09:10:00,5.0,5.0,6.0,,5.0,,
366,2020-04-08 09:10:00,1.0,2.0,2.0,,3.0,4.0,
718,2020-04-08 09:10:00,5.0,4.0,5.0,,5.0,,
713,2020-04-08 09:10:00,7.0,6.0,5.0,,6.0,,
628,2020-04-08 09:10:00,4.0,5.0,5.0,,5.0,,
441,2020-04-08 09:10:00,1.0,3.0,1.0,,3.0,3.0,
672,2020-04-08 09:15:00,4.0,7.0,4.0,,4.0,,
409,2020-04-08 09:15:00,3.0,2.0,2.0,,1.0,2.0,
559,2020-04-08 09:15:00,4.0,5.0,6.0,,5.0,,
467,2020-04-08 09:15:00,1.0,1.0,1.0,,1.0,4.0,
516,2020-04-08 09:15:00,1.0,2.0,2.0,,3.0,5.0,
88,2020-04-08 09:15:00,4.0,2.0,0.0,,5.0,,
763,2020-04-08 09:15:00,4.0,4.0,4.0,,5.0,,
83,2020-04-08 09:15:00,9.0,0.0,10.0,,10.0,,
545,2020-04-08 09:15:00,5.0,5.0,6.0,,5.0,,
579,2020-04-08 09:15:00,6.0,5.0,6.0,,3.0,,
472,2020-04-08 09:15:00,1.0,1.0,2.0,,2.0,5.0,
598,2020-04-08 09:15:00,3.0,5.0,5.0,,6.0,,
731,2020-04-08 09:15:00,4.0,4.0,5.0,,5.0,,
566,2020-04-08 09:20:00,6.0,5.0,5.0,,6.0,,
393,2020-04-08 09:20:00,4.0,2.0,2.0,,2.0,5.0,
556,2020-04-08 09:20:00,4.0,5.0,5.0,,4.0,,
744,2020-04-08 09:20:00,5.0,6.0,5.0,,5.0,,
541,2020-04-08 09:20:00,6.0,6.0,4.0,,5.0,,
537,2020-04-08 09:20:00,4.0,4.0,5.0,,6.0,,
414,2020-04-08 09:20:00,2.0,3.0,3.0,,2.0,4.0,
589,2020-04-08 09:20:00,5.0,6.0,5.0,,6.0,,
424,2020-04-08 09:20:00,1.0,2.0,3.0,,1.0,3.0,
578,2020-04-08 09:20:00,6.0,4.0,4.0,,5.0,,
418,2020-04-08 09:20:00,3.0,2.0,2.0,,3.0,3.0,
686,2020-04-08 09:20:00,4.0,5.0,5.0,,4.0,,
475,2020-04-08 09:20:00,3.0,1.0,3.0,,3.0,5.0,
653,2020-04-08 09:20:00,5.0,6.0,5.0,,5.0,,
445,2020-04-08 09:20:00,2.0,2.0,2.0,,3.0,5.0,
438,2020-04-08 09:25:00,2.0,1.0,2.0,,3.0,3.0,
603,2020-04-08 09:25:00,4.0,5.0,5.0,,5.0,,
346,2020-04-08 09:25:00,2.0,2.0,2.0,,1.0,3.0,
344,2020-04-08 09:25:00,4.0,2.0,2.0,,3.0,3.0,
639,2020-04-08 09:25:00,6.0,5.0,5.0,,5.0,,
730,2020-04-08 09:25:00,5.0,5.0,4.0,,5.0,,
486,2020-04-08 09:25:00,1.0,2.0,3.0,,2.0,4.0,
674,2020-04-08 09:25:00,6.0,5.0,5.0,,5.0,,
413,2020-04-08 09:25:00,2.0,3.0,2.0,,2.0,4.0,
648,2020-04-08 09:25:00,5.0,5.0,5.0,,4.0,,
448,2020-04-08 09:25:00,1.0,1.0,1.0,,3.0,6.0,
684,2020-04-08 09:25:00,5.0,4.0,5.0,,5.0,,
543,2020-04-08 09:25:00,5.0,6.0,5.0,,4.0,,
422,2020-04-08 09:25:00,1.0,3.0,2.0,,2.0,4.0,
420,2020-04-08 09:25:00,3.0,1.0,2.0,,2.0,4.0,
428,2020-04-08 09:25:00,2.0,1.0,2.0,,2.0,3.0,
756,2020-04-08 09:25:00,5.0,6.0,5.0,,6.0,,
371,2020-04-08 09:25:00,2.0,2.0,2.0,,2.0,5.0,
701,2020-04-08 09:30:00,5.0,7.0,5.0,,4.0,,
386,2020-04-08 09:30:00,1.0,3.0,2.0,,3.0,5.0,
717,2020-04-08 09:30:00,5.0,6.0,4.0,,5.0,,
447,2020-04-08 09:30:00,2.0,1.0,2.0,,3.0,4.0,
594,2020-04-08 09:30:00,5.0,4.0,4.0,,5.0,,
743,2020-04-08 09:30:00,6.0,6.0,5.0,,5.0,,
315,2020-04-08 09:30:00,2.0,1.0,3.0,,2.0,3.0,
355,2020-04-08 09:30:00,1.0,2.0,2.0,,2.0,3.0,
309,2020-04-08 09:30:00,3.0,1.0,2.0,,3.0,4.0,
583,2020-04-08 09:30:00,6.0,5.0,5.0,,6.0,,
680,2020-04-08 09:30:00,5.0,4.0,4.0,,6.0,,
706,2020-04-08 09:30:00,4.0,5.0,6.0,,4.0,,
522,2020-04-08 09:30:00,3.0,3.0,3.0,,2.0,3.0,
755,2020-04-08 09:30:00,4.0,5.0,5.0,,4.0,,
678,2020-04-08 09:30:00,5.0,6.0,4.0,,5.0,,
508,2020-04-08 09:30:00,1.0,2.0,2.0,,3.0,5.0,
554,2020-04-08 09:30:00,6.0,4.0,4.0,,4.0,,
203,2020-04-08 09:35:00,8.0,5.0,3.0,,7.0,,
668,2020-04-08 09:35:00,6.0,5.0,6.0,,6.0,,
360,2020-04-08 09:35:00,2.0,2.0,1.0,4.0,1.0,5.0,2.0
584,2020-04-08 09:35:00,6.0,4.0,6.0,,5.0,,
459,2020-04-08 09:35:00,2.0,2.0,1.0,,1.0,5.0,
576,2020-04-08 09:35:00,6.0,5.0,5.0,,5.0,,
384,2020-04-08 09:35:00,2.0,2.0,2.0,,2.0,4.0,
693,2020-04-08 09:35:00,6.0,6.0,4.0,,6.0,,
513,2020-04-08 09:35:00,2.0,2.0,2.0,,2.0,3.0,
534,2020-04-08 09:35:00,4.0,5.0,5.0,,5.0,,
651,2020-04-08 09:35:00,6.0,6.0,4.0,,4.0,,
411,2020-04-08 09:35:00,1.0,3.0,3.0,,1.0,4.0,
666,2020-04-08 09:40:00,5.0,6.0,5.0,,7.0,,
588,2020-04-08 09:40:00,4.0,4.0,5.0,,6.0,,
606,2020-04-08 09:40:00,6.0,5.0,4.0,,6.0,,
380,2020-04-08 09:40:00,2.0,3.0,2.0,,1.0,3.0,
474,2020-04-08 09:40:00,2.0,1.0,1.0,,2.0,3.0,
313,2020-04-08 09:40:00,1.0,3.0,1.0,,1.0,5.0,
325,2020-04-08 09:40:00,2.0,2.0,2.0,,2.0,4.0,
714,2020-04-08 09:40:00,4.0,4.0,5.0,,3.0,,
335,2020-04-08 09:40:00,2.0,3.0,1.0,,1.0,4.0,
504,2020-04-08 09:45:00,2.0,2.0,1.0,,2.0,4.0,
314,2020-04-08 09:45:00,2.0,1.0,3.0,,2.0,5.0,
538,2020-04-08 09:45:00,4.0,6.0,6.0,,4.0,,
550,2020-04-08 09:45:00,5.0,4.0,4.0,,5.0,,
343,2020-04-08 09:45:00,1.0,1.0,2.0,,2.0,4.0,
567,2020-04-08 09:45:00,5.0,5.0,6.0,,5.0,,
656,2020-04-08 09:45:00,4.0,5.0,5.0,,5.0,,
350,2020-04-08 09:45:00,2.0,3.0,2.0,,2.0,4.0,
620,2020-04-08 09:45:00,6.0,5.0,6.0,,5.0,,
310,2020-04-08 09:45:00,3.0,2.0,1.0,,2.0,4.0,
483,2020-04-08 09:45:00,2.0,2.0,3.0,,1.0,5.0,
397,2020-04-08 09:50:00,2.0,2.0,0.0,,2.0,5.0,
382,2020-04-08 09:50:00,2.0,2.0,2.0,,2.0,4.0,
577,2020-04-08 09:50:00,4.0,5.0,5.0,,5.0,,
456,2020-04-08 09:50:00,2.0,1.0,1.0,,3.0,5.0,
378,2020-04-08 09:50:00,3.0,2.0,3.0,,2.0,4.0,
477,2020-04-08 09:50:00,2.0,3.0,3.0,,1.0,5.0,
629,2020-04-08 09:50:00,5.0,5.0,4.0,,5.0,,
595,2020-04-08 09:50:00,5.0,6.0,5.0,,5.0,,
662,2020-04-08 09:50:00,6.0,5.0,6.0,,5.0,,
685,2020-04-08 09:50:00,5.0,6.0,5.0,,4.0,,
364,2020-04-08 09:50:00,1.0,1.0,2.0,,1.0,4.0,
423,2020-04-08 09:50:00,2.0,3.0,2.0,,1.0,3.0,
571,2020-04-08 09:50:00,4.0,5.0,6.0,,6.0,,
760,2020-04-08 09:50:00,6.0,6.0,5.0,,5.0,,
416,2020-04-08 09:55:00,4.0,2.0,3.0,,2.0,3.0,
502,2020-04-08 09:55:00,2.0,3.0,1.0,,0.0,3.0,
544,2020-04-08 09:55:00,4.0,5.0,6.0,,5.0,,
658,2020-04-08 09:55:00,6.0,4.0,5.0,,5.0,,
669,2020-04-08 09:55:00,4.0,4.0,5.0,,6.0,,
575,2020-04-08 09:55:00,6.0,6.0,5.0,,5.0,,
410,2020-04-08 09:55:00,1.0,2.0,1.0,7.0,1.0,5.0,2.4
728,2020-04-08 09:55:00,6.0,5.0,5.0,,4.0,,
727,2020-04-08 09:55:00,5.0,5.0,5.0,,5.0,,
532,2020-04-08 09:55:00,2.0,2.0,1.0,,3.0,4.0,
555,2020-04-08 09:55:00,4.0,6.0,5.0,2.0,5.0,,4.4
493,2020-04-08 09:55:00,2.0,2.0,2.0,,3.0,2.0,
759,2020-04-08 09:55:00,5.0,5.0,4.0,,5.0,,
590,2020-04-08 09:55:00,5.0,4.0,5.0,,6.0,,
774,2020-04-08 09:55:00,3.0,6.0,5.0,,5.0,,
649,2020-04-08 09:55:00,4.0,5.0,7.0,,5.0,,
482,2020-04-08 09:55:00,2.0,1.0,2.0,,2.0,3.0,
553,2020-04-08 09:55:00,6.0,5.0,5.0,,5.0,,
531,2020-04-08 10:00:00,1.0,1.0,2.0,,1.0,4.0,
446,2020-04-08 10:00:00,2.0,3.0,1.0,,1.0,4.0,
306,2020-04-08 10:00:00,3.0,2.0,3.0,,2.0,3.0,
471,2020-04-08 10:00:00,3.0,1.0,1.0,,2.0,4.0,
704,2020-04-08 10:00:00,5.0,5.0,5.0,,4.0,,
690,2020-04-08 10:00:00,4.0,6.0,4.0,,4.0,,
565,2020-04-08 10:00:00,6.0,5.0,4.0,,5.0,,
691,2020-04-08 10:00:00,6.0,7.0,5.0,,4.0,,
569,2020-04-08 10:00:00,6.0,4.0,6.0,,5.0,,
539,2020-04-08 10:00:00,5.0,5.0,5.0,,4.0,,
765,2020-04-08 10:00:00,4.0,4.0,5.0,,6.0,,
769,2020-04-08 10:00:00,5.0,4.0,5.0,5.0,5.0,,4.8
511,2020-04-08 10:00:00,3.0,3.0,1.0,,2.0,4.0,
772,2020-04-08 10:00:00,5.0,5.0,5.0,,5.0,,
362,2020-04-08 10:00:00,2.0,1.0,3.0,,1.0,5.0,
390,2020-04-08 10:00:00,2.0,1.0,1.0,,1.0,3.0,
506,2020-04-08 10:00:00,2.0,2.0,2.0,,3.0,3.0,
775,2020-04-08 10:00:00,5.0,6.0,4.0,,6.0,,
354,2020-04-08 10:00:00,2.0,1.0,3.0,,1.0,4.0,
561,2020-04-08 10:05:00,4.0,5.0,6.0,,5.0,,
623,2020-04-08 10:05:00,3.0,5.0,4.0,,4.0,,
596,2020-04-08 10:05:00,6.0,4.0,6.0,,6.0,,
440,2020-04-08 10:05:00,3.0,1.0,1.0,,2.0,4.0,
524,2020-04-08 10:05:00,2.0,2.0,1.0,,2.0,3.0,
392,2020-04-08 10:05:00,3.0,2.0,1.0,,2.0,2.0,
635,2020-04-08 10:05:00,5.0,4.0,6.0,,4.0,,
435,2020-04-08 10:05:00,1.0,2.0,2.0,,2.0,4.0,
605,2020-04-08 10:05:00,4.0,6.0,6.0,,5.0,,
754,2020-04-08 10:10:00,6.0,6.0,6.0,,4.0,,
359,2020-04-08 10:10:00,2.0,1.0,2.0,,1.0,5.0,
585,2020-04-08 10:10:00,4.0,6.0,5.0,,5.0,,
494,2020-04-08 10:10:00,2.0,2.0,1.0,,3.0,4.0,
572,2020-04-08 10:10:00,5.0,4.0,6.0,,4.0,,
734,2020-04-08 10:10:00,4.0,5.0,5.0,,5.0,,
570,2020-04-08 10:10:00,5.0,5.0,4.0,,6.0,,
699,2020-04-08 10:10:00,3.0,6.0,5.0,,4.0,,
450,2020-04-08 10:10:00,1.0,1.0,1.0,,2.0,4.0,
436,2020-04-08 10:10:00,3.0,1.0,3.0,4.0,2.0,3.0,2.6
712,2020-04-08 10:10:00,4.0,5.0,5.0,,5.0,,
492,2020-04-08 10:10:00,3.0,2.0,2.0,,3.0,4.0,
627,2020-04-08 10:15:00,5.0,4.0,5.0,,5.0,,
433,2020-04-08 10:15:00,1.0,0.0,1.0,,1.0,4.0,
631,2020-04-08 10:15:00,5.0,5.0,6.0,,6.0,,
625,2020-04-08 10:15:00,5.0,5.0,4.0,,5.0,,
453,2020-04-08 10:15:00,2.0,1.0,2.0,,2.0,4.0,
376,2020-04-08 10:15:00,3.0,3.0,2.0,,2.0,5.0,
637,2020-04-08 10:15:00,5.0,6.0,6.0,,5.0,,
781,2020-04-08 10:15:00,1.0,2.0,2.0,,1.0,-0.0,
503,2020-04-08 10:20:00,2.0,1.0,1.0,,1.0,4.0,
402,2020-04-08 10:20:00,2.0,3.0,2.0,,2.0,4.0,
817,2020-04-08 10:20:00,3.0,3.0,2.0,,2.0,-0.0,
307,2020-04-08 10:20:00,2.0,2.0,1.0,,2.0,4.0,
432,2020-04-08 10:20:00,2.0,2.0,1.0,,2.0,4.0,
421,2020-04-08 10:20:00,2.0,2.0,3.0,,2.0,4.0,
349,2020-04-08 10:20:00,2.0,1.0,2.0,,2.0,2.0,
328,2020-04-08 10:20:00,1.0,1.0,1.0,,1.0,3.0,
771,2020-04-08 10:20:00,6.0,6.0,6.0,,6.0,,
381,2020-04-08 10:20:00,1.0,2.0,2.0,,3.0,3.0,
525,2020-04-08 10:25:00,2.0,2.0,3.0,,1.0,4.0,
319,2020-04-08 10:25:00,2.0,1.0,2.0,,2.0,3.0,
495,2020-04-08 10:25:00,2.0,2.0,2.0,,2.0,5.0,
689,2020-04-08 10:25:00,6.0,6.0,4.0,,6.0,,
496,2020-04-08 10:25:00,2.0,3.0,2.0,,1.0,4.0,
391,2020-04-08 10:25:00,2.0,3.0,1.0,,2.0,3.0,
738,2020-04-08 10:25:00,5.0,6.0,4.0,,5.0,,
305,2020-04-08 10:25:00,2.0,1.0,2.0,,2.0,4.0,
326,2020-04-08 10:25:00,2.0,1.0,1.0,,2.0,4.0,
536,2020-04-08 10:25:00,5.0,5.0,5.0,,5.0,,
408,2020-04-08 10:25:00,2.0,1.0,2.0,,2.0,4.0,
444,2020-04-08 10:25:00,2.0,3.0,2.0,,2.0,5.0,
434,2020-04-08 10:25:00,2.0,2.0,2.0,,2.0,4.0,
329,2020-04-08 10:25:00,2.0,1.0,1.0,,2.0,5.0,
429,2020-04-08 10:25:00,2.0,2.0,4.0,,1.0,3.0,
518,2020-04-08 10:30:00,1.0,2.0,2.0,,1.0,5.0,
369,2020-04-08 10:30:00,2.0,1.0,2.0,,3.0,4.0,
778,2020-04-08 10:30:00,3.0,2.0,2.0,,3.0,-0.0,
415,2020-04-08 10:30:00,2.0,1.0,1.0,,3.0,2.0,
663,2020-04-08 10:30:00,4.0,6.0,6.0,,4.0,,
341,2020-04-08 10:30:00,2.0,2.0,3.0,,2.0,3.0,
720,2020-04-08 10:30:00,4.0,4.0,6.0,,4.0,,
437,2020-04-08 10:30:00,1.0,1.0,1.0,,3.0,5.0,
443,2020-04-08 10:30:00,2.0,2.0,2.0,,3.0,4.0,
540,2020-04-08 10:30:00,5.0,4.0,5.0,,5.0,,
747,2020-04-08 10:35:00,4.0,7.0,6.0,,4.0,,
726,2020-04-08 10:35:00,6.0,5.0,5.0,,5.0,,
671,2020-04-08 10:35:00,5.0,5.0,4.0,,6.0,,
613,2020-04-08 10:35:00,6.0,5.0,5.0,,6.0,,
816,2020-04-08 10:35:00,1.0,1.0,1.0,,1.0,0.0,
802,2020-04-08 10:35:00,3.0,2.0,3.0,,2.0,-0.0,
815,2020-04-08 10:35:00,1.0,2.0,3.0,,2.0,0.0,
757,2020-04-08 10:35:00,6.0,5.0,5.0,,5.0,,
803,2020-04-08 10:35:00,2.0,2.0,2.0,,2.0,-0.0,
697,2020-04-08 10:35:00,5.0,5.0,5.0,,4.0,,
458,2020-04-08 10:35:00,1.0,2.0,3.0,,2.0,3.0,
573,2020-04-08 10:35:00,5.0,5.0,5.0,,7.0,,
372,2020-04-08 10:40:00,1.0,2.0,2.0,,3.0,3.0,
514,2020-04-08 10:40:00,2.0,3.0,2.0,,2.0,4.0,
753,2020-04-08 10:40:00,5.0,5.0,5.0,,5.0,,
452,2020-04-08 10:40:00,2.0,1.0,2.0,,3.0,3.0,
591,2020-04-08 10:40:00,4.0,4.0,5.0,,5.0,,
466,2020-04-08 10:40:00,2.0,2.0,1.0,,2.0,3.0,
654,2020-04-08 10:40:00,5.0,5.0,5.0,,6.0,,
521,2020-04-08 10:40:00,2.0,1.0,2.0,,1.0,4.0,
632,2020-04-08 10:45:00,5.0,5.0,5.0,,5.0,,
542,2020-04-08 10:45:00,5.0,4.0,5.0,,6.0,,
551,2020-04-08 10:45:00,4.0,4.0,6.0,,4.0,,
681,2020-04-08 10:45:00,4.0,6.0,5.0,,5.0,,
798,2020-04-08 10:45:00,3.0,2.0,2.0,,2.0,0.0,
317,2020-04-08 10:45:00,2.0,2.0,2.0,,2.0,3.0,
412,2020-04-08 10:45:00,1.0,2.0,2.0,,2.0,5.0,
405,2020-04-08 10:45:00,2.0,2.0,3.0,,0.0,5.0,
454,2020-04-08 10:45:00,2.0,0.0,3.0,,2.0,5.0,
330,2020-04-08 10:45:00,2.0,2.0,2.0,,2.0,4.0,
473,2020-04-08 10:45:00,2.0,2.0,0.0,,2.0,4.0,
331,2020-04-08 10:45:00,3.0,2.0,2.0,,0.0,4.0,
811,2020-04-08 10:45:00,1.0,2.0,2.0,,2.0,0.0,
485,2020-04-08 10:50:00,3.0,2.0,1.0,,2.0,3.0,
593,2020-04-08 10:50:00,6.0,5.0,5.0,,5.0,,
784,2020-04-08 10:50:00,3.0,3.0,2.0,,3.0,1.0,
451,2020-04-08 10:50:00,3.0,1.0,2.0,,2.0,4.0,
526,2020-04-08 10:50:00,2.0,2.0,-0.0,,3.0,4.0,
786,2020-04-08 10:50:00,2.0,2.0,2.0,,1.0,-0.0,
602,2020-04-08 10:50:00,5.0,5.0,5.0,,6.0,,
581,2020-04-08 10:50:00,5.0,6.0,5.0,,6.0,,
792,2020-04-08 10:50:00,2.0,2.0,4.0,,2.0,0.0,
399,2020-04-08 10:55:00,2.0,2.0,3.0,,1.0,4.0,
810,2020-04-08 10:55:00,2.0,0.0,2.0,,3.0,0.0,
560,2020-04-08 10:55:00,5.0,5.0,5.0,,5.0,,
809,2020-04-08 10:55:00,2.0,3.0,1.0,,4.0,-0.0,
333,2020-04-08 10:55:00,2.0,3.0,2.0,,2.0,4.0,
785,2020-04-08 10:55:00,2.0,2.0,2.0,,2.0,0.0,
729,2020-04-08 10:55:00,6.0,5.0,5.0,,6.0,,
308,2020-04-08 10:55:00,2.0,3.0,2.0,,2.0,3.0,
303,2020-04-08 10:55:00,4.0,3.0,2.0,,2.0,4.0,
586,2020-04-08 10:55:00,5.0,5.0,6.0,,6.0,,
698,2020-04-08 10:55:00,5.0,5.0,6.0,,6.0,,
484,2020-04-08 10:55:00,2.0,1.0,2.0,,3.0,3.0,
51,2020-04-08 10:55:00,10.0,5.0,0.0,,8.0,,
600,2020-04-08 10:55:00,4.0,5.0,5.0,,6.0,,
626,2020-04-08 10:55:00,5.0,5.0,3.0,,6.0,,
804,2020-04-08 11:00:00,2.0,1.0,3.0,,2.0,-0.0,
608,2020-04-08 11:00:00,5.0,5.0,5.0,,5.0,,
721,2020-04-08 11:00:00,6.0,4.0,5.0,,5.0,,
304,2020-04-08 11:00:00,2.0,2.0,2.0,,2.0,3.0,
449,2020-04-08 11:00:00,3.0,3.0,3.0,,2.0,4.0,
312,2020-04-08 11:00:00,3.0,3.0,2.0,,2.0,4.0,
780,2020-04-08 11:00:00,2.0,1.0,1.0,6.0,3.0,0.0,2.6
643,2020-04-08 11:00:00,5.0,6.0,3.0,,5.0,,
587,2020-04-08 11:05:00,4.0,4.0,4.0,,5.0,,
813,2020-04-08 11:05:00,4.0,2.0,1.0,,2.0,0.0,
347,2020-04-08 11:05:00,3.0,1.0,1.0,,4.0,5.0,
711,2020-04-08 11:05:00,5.0,5.0,5.0,,5.0,,
574,2020-04-08 11:05:00,4.0,4.0,4.0,,5.0,,
407,2020-04-08 11:05:00,2.0,2.0,2.0,,3.0,4.0,
791,2020-04-08 11:05:00,1.0,2.0,2.0,,2.0,-0.0,
764,2020-04-08 11:05:00,6.0,5.0,4.0,,5.0,,
782,2020-04-08 11:05:00,3.0,2.0,2.0,,2.0,-0.0,
345,2020-04-08 11:10:00,2.0,1.0,2.0,,2.0,3.0,
641,2020-04-08 11:10:00,4.0,5.0,5.0,,6.0,,
752,2020-04-08 11:15:00,5.0,6.0,6.0,,6.0,,
806,2020-04-08 11:15:00,2.0,1.0,2.0,,2.0,1.0,
479,2020-04-08 11:15:00,2.0,1.0,3.0,,3.0,5.0,
527,2020-04-08 11:15:00,2.0,2.0,3.0,,2.0,4.0,
356,2020-04-08 11:15:00,2.0,2.0,2.0,,3.0,3.0,
394,2020-04-08 11:20:00,1.0,2.0,2.0,,2.0,5.0,
419,2020-04-08 11:20:00,2.0,2.0,1.0,,2.0,4.0,
520,2020-04-08 11:20:00,3.0,1.0,0.0,,2.0,5.0,
336,2020-04-08 11:20:00,2.0,3.0,2.0,,2.0,4.0,
311,2020-04-08 11:20:00,2.0,2.0,2.0,,3.0,5.0,
400,2020-04-08 11:20:00,2.0,2.0,2.0,,1.0,4.0,
740,2020-04-08 11:20:00,4.0,4.0,4.0,,5.0,,
636,2020-04-08 11:20:00,5.0,4.0,6.0,,6.0,,
793,2020-04-08 11:20:00,3.0,2.0,2.0,,3.0,1.0,
621,2020-04-08 11:20:00,5.0,4.0,6.0,,6.0,,
807,2020-04-08 11:25:00,1.0,2.0,2.0,,2.0,1.0,
455,2020-04-08 11:25:00,2.0,0.0,2.0,,1.0,5.0,
808,2020-04-08 11:25:00,2.0,1.0,3.0,,2.0,1.0,
469,2020-04-08 11:25:00,3.0,1.0,1.0,,3.0,4.0,
790,2020-04-08 11:25:00,2.0,2.0,2.0,,3.0,0.0,
582,2020-04-08 11:25:00,5.0,5.0,5.0,,4.0,,
368,2020-04-08 11:25:00,1.0,3.0,1.0,,3.0,4.0,
375,2020-04-08 11:25:00,2.0,2.0,3.0,,1.0,6.0,
665,2020-04-08 11:25:00,4.0,6.0,5.0,,5.0,,
505,2020-04-08 11:25:00,2.0,1.0,4.0,,3.0,4.0,
737,2020-04-08 11:25:00,4.0,5.0,5.0,,5.0,,
465,2020-04-08 11:30:00,3.0,2.0,3.0,,3.0,3.0,
547,2020-04-08 11:30:00,6.0,4.0,5.0,,5.0,,
523,2020-04-08 11:30:00,0.0,2.0,1.0,,1.0,4.0,
395,2020-04-08 11:30:00,3.0,2.0,1.0,,3.0,3.0,
800,2020-04-08 11:30:00,2.0,4.0,1.0,,1.0,1.0,
476,2020-04-08 11:30:00,1.0,2.0,1.0,,2.0,4.0,
715,2020-04-08 11:30:00,5.0,6.0,6.0,,6.0,,
777,2020-04-08 11:30:00,6.0,6.0,5.0,,6.0,,
352,2020-04-08 11:35:00,2.0,2.0,2.0,,1.0,2.0,
370,2020-04-08 11:35:00,2.0,2.0,1.0,,3.0,4.0,
404,2020-04-08 11:35:00,2.0,2.0,3.0,,2.0,5.0,
327,2020-04-08 11:35:00,2.0,2.0,2.0,,3.0,3.0,
796,2020-04-08 11:35:00,3.0,3.0,2.0,,3.0,1.0,
673,2020-04-08 11:35:00,5.0,4.0,6.0,,5.0,,
601,2020-04-08 11:40:00,6.0,6.0,5.0,,6.0,,
618,2020-04-08 11:40:00,6.0,5.0,5.0,,5.0,,
708,2020-04-08 11:40:00,5.0,5.0,5.0,,6.0,,
507,2020-04-08 11:40:00,2.0,2.0,2.0,,2.0,4.0,
751,2020-04-08 11:40:00,6.0,4.0,5.0,,5.0,,
633,2020-04-08 11:40:00,4.0,5.0,6.0,,7.0,,
795,2020-04-08 11:40:00,3.0,2.0,2.0,,1.0,-0.0,
318,2020-04-08 11:45:00,3.0,3.0,2.0,,1.0,4.0,
812,2020-04-08 11:45:00,1.0,2.0,2.0,,2.0,0.0,
385,2020-04-08 11:45:00,3.0,2.0,2.0,,1.0,3.0,
683,2020-04-08 11:50:00,6.0,6.0,6.0,,5.0,,
724,2020-04-08 11:50:00,4.0,6.0,4.0,,6.0,,
612,2020-04-08 11:50:00,5.0,4.0,5.0,,5.0,,
710,2020-04-08 11:55:00,6.0,5.0,4.0,,5.0,,
564,2020-04-08 12:00:00,5.0,4.0,5.0,,5.0,,
480,2020-04-08 12:05:00,3.0,3.0,1.0,,2.0,3.0,
676,2020-04-08 12:05:00,5.0,6.0,5.0,,5.0,,
166,2020-04-08 12:05:00,7.0,10.0,1.0,,10.0,,
374,2020-04-08 12:10:00,3.0,3.0,2.0,4.0,1.0,3.0,2.6
652,2020-04-08 12:10:00,5.0,5.0,5.0,,5.0,,
334,2020-04-08 12:10:00,1.0,2.0,2.0,,1.0,4.0,
716,2020-04-08 12:10:00,5.0,5.0,5.0,,4.0,,
463,2020-04-08 12:15:00,1.0,2.0,2.0,,3.0,4.0,
517,2020-04-08 12:15:00,3.0,1.0,3.0,,3.0,4.0,
814,2020-04-08 12:15:00,3.0,2.0,1.0,,1.0,-0.0,
735,2020-04-08 12:15:00,5.0,5.0,4.0,,5.0,,
528,2020-04-08 12:20:00,1.0,3.0,2.0,,3.0,4.0,
338,2020-04-08 12:20:00,2.0,3.0,3.0,,1.0,5.0,
442,2020-04-08 12:20:00,1.0,2.0,2.0,,2.0,5.0,
773,2020-04-08 12:25:00,5.0,6.0,5.0,,5.0,,
499,2020-04-08 12:25:00,1.0,2.0,2.0,,1.0,4.0,
431,2020-04-08 12:25:00,1.0,2.0,4.0,,2.0,3.0,
779,2020-04-08 12:25:00,3.0,1.0,3.0,,3.0,0.0,
358,2020-04-08 12:35:00,2.0,2.0,2.0,,3.0,5.0,
373,2020-04-08 12:35:00,1.0,2.0,2.0,,2.0,4.0,
348,2020-04-08 12:40:00,2.0,2.0,2.0,,2.0,4.0,
661,2020-04-08 12:40:00,4.0,5.0,4.0,,7.0,,
695,2020-04-08 12:40:00,5.0,5.0,6.0,,4.0,,
439,2020-04-08 12:40:00,2.0,2.0,2.0,,1.0,2.0,
460,2020-04-08 12:40:00,1.0,2.0,1.0,,0.0,5.0,
805,2020-04-08 12:45:00,2.0,2.0,2.0,,4.0,-0.0,
111,2020-04-08 12:45:00,0.0,9.0,0.0,,10.0,1.0,
470,2020-04-08 12:45:00,1.0,1.0,3.0,,2.0,3.0,
617,2020-04-08 12:45:00,3.0,6.0,5.0,,4.0,,
143,2020-04-08 12:50:00,9.0,10.0,7.0,,10.0,0.0,
709,2020-04-08 12:50:00,6.0,5.0,5.0,,4.0,,
406,2020-04-08 12:50:00,2.0,1.0,2.0,,2.0,4.0,
745,2020-04-08 12:50:00,5.0,6.0,4.0,,5.0,,
746,2020-04-08 12:55:00,4.0,3.0,4.0,,6.0,,
799,2020-04-08 13:05:00,1.0,2.0,2.0,,2.0,0.0,
337,2020-04-08 13:05:00,2.0,2.0,2.0,,2.0,4.0,
580,2020-04-08 13:10:00,6.0,5.0,5.0,,6.0,,
801,2020-04-08 13:15:00,2.0,3.0,3.0,,1.0,0.0,
615,2020-04-08 13:15:00,5.0,5.0,5.0,,5.0,,
546,2020-04-08 13:15:00,4.0,5.0,5.0,,5.0,,
748,2020-04-08 13:20:00,5.0,5.0,5.0,,5.0,,
750,2020-04-08 13:20:00,4.0,4.0,5.0,,4.0,,
389,2020-04-08 13:30:00,3.0,2.0,1.0,,2.0,4.0,
490,2020-04-08 13:30:00,1.0,1.0,1.0,,2.0,3.0,
646,2020-04-08 13:35:00,5.0,6.0,4.0,,5.0,,
487,2020-04-08 13:35:00,1.0,2.0,1.0,,3.0,3.0,
321,2020-04-08 13:35:00,2.0,2.0,2.0,,2.0,4.0,
149,2020-04-08 13:40:00,0.0,5.0,3.0,,10.0,,
549,2020-04-08 13:45:00,5.0,5.0,4.0,,6.0,,
797,2020-04-08 13:50:00,2.0,0.0,2.0,,2.0,-0.0,
324,2020-04-08 13:50:00,2.0,1.0,2.0,,2.0,3.0,
396,2020-04-08 13:50:00,2.0,2.0,1.0,,4.0,3.0,
353,2020-04-08 14:00:00,2.0,3.0,2.0,,2.0,3.0,
644,2020-04-08 14:05:00,5.0,5.0,6.0,,5.0,,
363,2020-04-08 14:05:00,2.0,3.0,2.0,,2.0,4.0,
794,2020-04-08 14:05:00,1.0,1.0,1.0,,2.0,0.0,
788,2020-04-08 14:10:00,3.0,1.0,3.0,,2.0,0.0,
401,2020-04-08 14:10:00,2.0,2.0,3.0,,2.0,3.0,
568,2020-04-08 14:15:00,5.0,5.0,5.0,,6.0,,
322,2020-04-08 14:15:00,3.0,2.0,1.0,,1.0,4.0,
692,2020-04-08 14:15:00,6.0,5.0,4.0,,5.0,,
762,2020-04-08 14:15:00,4.0,4.0,5.0,,4.0,,
383,2020-04-08 14:15:00,2.0,1.0,1.0,,2.0,2.0,
342,2020-04-08 14:30:00,1.0,2.0,2.0,,2.0,3.0,
529,2020-04-08 14:30:00,1.0,1.0,3.0,,2.0,4.0,
789,2020-04-08 14:35:00,2.0,1.0,2.0,,2.0,1.0,
640,2020-04-08 14:45:00,6.0,5.0,5.0,,4.0,,
29,2020-04-08 14:50:00,3.0,0.0,7.0,,7.0,,
733,2020-04-08 14:55:00,6.0,4.0,5.0,,4.0,,
548,2020-04-08 15:00:00,5.0,4.0,4.0,,5.0,,
783,2020-04-08 15:05:00,2.0,2.0,1.0,,2.0,-0.0,
510,2020-04-08 15:10:00,2.0,2.0,2.0,,3.0,5.0,
509,2020-04-08 15:25:00,1.0,1.0,1.0,,2.0,5.0,
749,2020-04-08 15:30:00,5.0,4.0,5.0,,5.0,,
552,2020-04-08 15:30:00,5.0,6.0,5.0,,5.0,,
776,2020-04-08 15:35:00,6.0,5.0,6.0,,4.0,,
27,2020-04-08 15:35:00,8.0,6.0,6.0,,3.0,,
105,2020-04-08 15:40:00,5.0,10.0,1.0,,4.0,0.0,
497,2020-04-08 16:10:00,2.0,2.0,2.0,,2.0,4.0,
719,2020-04-08 16:30:00,6.0,5.0,6.0,,6.0,,
562,2020-04-08 16:30:00,5.0,5.0,6.0,,5.0,,
204,2020-04-08 16:35:00,3.0,10.0,10.0,,2.0,,
426,2020-04-08 16:40:00,2.0,1.0,2.0,,3.0,5.0,
707,2020-04-08 17:00:00,6.0,7.0,5.0,,6.0,,
787,2020-04-08 17:00:00,3.0,1.0,2.0,,2.0,1.0,
187,2020-04-08 17:10:00,2.0,10.0,10.0,,3.0,,
61,2020-04-08 17:55:00,10.0,0.0,0.0,,9.0,,
2,2020-04-08 18:05:00,10.0,6.0,10.0,,4.0,,
739,2020-04-08 18:15:00,6.0,5.0,6.0,,6.0,,
156,2020-04-08 18:30:00,6.0,9.0,1.0,,1.0,0.0,
108,2020-04-08 18:50:00,8.0,5.0,0.0,,6.0,,
70,2020-04-08 19:25:00,7.0,7.0,10.0,,3.0,,
139,2020-04-08 19:55:00,6.0,1.0,0.0,,0.0,,
597,2020-04-08 20:35:00,5.0,6.0,5.0,,4.0,,
200,2020-04-08 21:20:00,10.0,5.0,1.0,,7.0,1.0,
104,2020-04-08 21:35:00,4.0,4.0,3.0,,5.0,0.0,
164,2020-04-08 23:55:00,3.0,10.0,6.0,,5.0,,
179,2020-04-09 00:05:00,1.0,10.0,9.0,,0.0,,
130,2020-04-09 00:45:00,10.0,5.0,2.0,,6.0,,
146,2020-04-09 01:10:00,2.0,4.0,3.0,,6.0,0.0,
78,2020-04-09 01:25:00,1.0,6.0,2.0,,8.0,,
33,2020-04-09 02:05:00,1.0,7.0,0.0,,3.0,,
196,2020-04-09 02:05:00,1.0,9.0,9.0,,10.0,,
68,2020-04-09 02:20:00,8.0,7.0,10.0,,6.0,1.0,
138,2020-04-09 02:20:00,5.0,4.0,7.0,,2.0,,
198,2020-04-09 03:30:00,10.0,4.0,8.0,,2.0,,
165,2020-04-09 03:45:00,6.0,6.0,9.0,,0.0,,
126,2020-04-09 05:25:00,5.0,8.0,5.0,,1.0,,
177,2020-04-09 06:35:00,10.0,4.0,0.0,,7.0,,
45,2020-04-09 06:40:00,5.0,9.0,2.0,,10.0,,
213,2020-04-09 07:00:00,5.0,1.0,6.0,,8.0,,
206,2020-04-09 09:25:00,2.0,10.0,3.0,,2.0,1.0,
135,2020-04-09 10:20:00,2.0,3.0,3.0,,4.0,,
188,2020-04-09 10:45:00,6.0,6.0,0.0,,7.0,,
86,2020-04-09 10:50:00,10.0,8.0,2.0,,10.0,,
36,2020-04-09 10:55:00,0.0,8.0,9.0,,5.0,,
11,2020-04-09 11:35:00,8.0,9.0,5.0,,8.0,,
54,2020-04-09 12:40:00,5.0,7.0,0.0,,3.0,,
72,2020-04-09 12:55:00,0.0,9.0,7.0,,3.0,,
148,2020-04-09 13:20:00,4.0,5.0,7.0,,1.0,1.0,
147,2020-04-09 13:35:00,8.0,3.0,8.0,,0.0,,
28,2020-04-09 14:40:00,1.0,0.0,10.0,,7.0,,
898,2020-04-09 15:00:00,2.0,1.0,1.0,,2.0,3.0,
870,2020-04-09 15:00:00,3.0,-0.0,2.0,,1.0,4.0,
821,2020-04-09 15:05:00,2.0,0.0,2.0,,2.0,3.0,
934,2020-04-09 15:05:00,5.0,4.0,6.0,,6.0,,
948,2020-04-09 15:05:00,5.0,3.0,4.0,,5.0,,
969,2020-04-09 15:05:00,5.0,3.0,5.0,,4.0,,
979,2020-04-09 15:05:00,4.0,3.0,6.0,,6.0,,
1129,2020-04-09 15:05:00,6.0,3.0,6.0,,5.0,,
1178,2020-04-09 15:05:00,5.0,4.0,4.0,,5.0,,
884,2020-04-09 15:05:00,3.0,0.0,2.0,,1.0,3.0,
869,2020-04-09 15:05:00,2.0,0.0,1.0,,1.0,3.0,
1192,2020-04-09 15:05:00,5.0,4.0,5.0,,5.0,,
1024,2020-04-09 15:05:00,4.0,3.0,4.0,,5.0,,
839,2020-04-09 15:05:00,1.0,-0.0,0.0,,1.0,3.0,
1026,2020-04-09 15:05:00,5.0,1.0,5.0,,5.0,,
875,2020-04-09 15:10:00,2.0,0.0,1.0,,2.0,3.0,
1010,2020-04-09 15:10:00,4.0,2.0,5.0,,6.0,,
855,2020-04-09 15:10:00,2.0,-0.0,2.0,,1.0,2.0,
1221,2020-04-09 15:10:00,5.0,2.0,5.0,,5.0,,
861,2020-04-09 15:10:00,2.0,0.0,2.0,,2.0,4.0,
989,2020-04-09 15:10:00,5.0,4.0,5.0,,5.0,,
1108,2020-04-09 15:10:00,5.0,3.0,4.0,,5.0,,
1115,2020-04-09 15:10:00,4.0,3.0,5.0,,5.0,,
959,2020-04-09 15:10:00,6.0,2.0,5.0,,6.0,,
856,2020-04-09 15:10:00,2.0,-0.0,2.0,,3.0,3.0,
1012,2020-04-09 15:10:00,5.0,3.0,5.0,,5.0,,
1103,2020-04-09 15:10:00,3.0,3.0,5.0,,5.0,,
1153,2020-04-09 15:15:00,5.0,3.0,4.0,,4.0,,
828,2020-04-09 15:15:00,3.0,-0.0,2.0,,2.0,2.0,
833,2020-04-09 15:15:00,3.0,0.0,1.0,,2.0,4.0,
891,2020-04-09 15:15:00,2.0,0.0,2.0,,2.0,3.0,
1151,2020-04-09 15:15:00,6.0,3.0,5.0,,6.0,,
835,2020-04-09 15:15:00,2.0,1.0,2.0,,3.0,4.0,
1003,2020-04-09 15:15:00,6.0,2.0,4.0,,5.0,,
1100,2020-04-09 15:15:00,6.0,3.0,4.0,,5.0,,
963,2020-04-09 15:15:00,4.0,3.0,5.0,,4.0,,
1070,2020-04-09 15:15:00,6.0,4.0,5.0,,5.0,,
1089,2020-04-09 15:15:00,5.0,4.0,4.0,,5.0,,
1022,2020-04-09 15:15:00,6.0,3.0,6.0,,4.0,,
1001,2020-04-09 15:15:00,5.0,4.0,5.0,,5.0,,
1018,2020-04-09 15:15:00,5.0,3.0,4.0,,5.0,,
1165,2020-04-09 15:15:00,6.0,3.0,4.0,,4.0,,
1144,2020-04-09 15:20:00,5.0,2.0,5.0,,6.0,,
1048,2020-04-09 15:20:00,6.0,3.0,5.0,,4.0,,
1067,2020-04-09 15:20:00,5.0,3.0,4.0,,5.0,,
926,2020-04-09 15:20:00,5.0,2.0,6.0,,4.0,,
1002,2020-04-09 15:20:00,5.0,1.0,5.0,,5.0,,
977,2020-04-09 15:20:00,5.0,3.0,5.0,,6.0,,
1091,2020-04-09 15:20:00,5.0,3.0,5.0,,5.0,,
842,2020-04-09 15:20:00,2.0,1.0,3.0,,1.0,3.0,
1057,2020-04-09 15:20:00,5.0,2.0,5.0,,4.0,,
849,2020-04-09 15:25:00,2.0,0.0,3.0,,2.0,1.0,
1087,2020-04-09 15:25:00,4.0,3.0,6.0,,5.0,,
860,2020-04-09 15:25:00,3.0,0.0,2.0,,2.0,4.0,
863,2020-04-09 15:25:00,2.0,0.0,2.0,,3.0,3.0,
1124,2020-04-09 15:25:00,5.0,3.0,5.0,,4.0,,
1062,2020-04-09 15:25:00,5.0,2.0,5.0,,6.0,,
841,2020-04-09 15:25:00,1.0,0.0,2.0,,3.0,4.0,
1054,2020-04-09 15:25:00,4.0,3.0,5.0,,5.0,,
878,2020-04-09 15:25:00,2.0,0.0,3.0,,2.0,3.0,
1038,2020-04-09 15:25:00,5.0,3.0,5.0,,4.0,,
881,2020-04-09 15:25:00,2.0,1.0,3.0,,4.0,2.0,
945,2020-04-09 15:25:00,5.0,4.0,5.0,,5.0,,
922,2020-04-09 15:25:00,6.0,3.0,5.0,,4.0,,
1190,2020-04-09 15:25:00,4.0,3.0,6.0,,4.0,,
893,2020-04-09 15:25:00,2.0,0.0,2.0,,1.0,3.0,
1034,2020-04-09 15:25:00,5.0,4.0,6.0,,4.0,,
929,2020-04-09 15:25:00,4.0,2.0,4.0,,5.0,,
967,2020-04-09 15:30:00,5.0,4.0,5.0,,5.0,,
912,2020-04-09 15:30:00,6.0,2.0,5.0,,5.0,,
826,2020-04-09 15:30:00,2.0,0.0,3.0,,3.0,2.0,
1007,2020-04-09 15:30:00,4.0,2.0,4.0,,5.0,,
1222,2020-04-09 15:30:00,6.0,4.0,6.0,,5.0,,
1177,2020-04-09 15:30:00,6.0,3.0,4.0,,5.0,,
1170,2020-04-09 15:30:00,4.0,3.0,6.0,,5.0,,
888,2020-04-09 15:30:00,2.0,1.0,3.0,,2.0,3.0,
1127,2020-04-09 15:30:00,7.0,5.0,5.0,,6.0,,
1172,2020-04-09 15:30:00,5.0,4.0,5.0,,5.0,,
1084,2020-04-09 15:30:00,6.0,3.0,5.0,1.0,5.0,,4.0
1043,2020-04-09 15:35:00,5.0,4.0,5.0,,4.0,,
1066,2020-04-09 15:35:00,4.0,2.0,6.0,,5.0,,
968,2020-04-09 15:35:00,6.0,2.0,5.0,,5.0,,
935,2020-04-09 15:35:00,6.0,4.0,5.0,,6.0,,
1028,2020-04-09 15:35:00,5.0,3.0,5.0,,5.0,,
1119,2020-04-09 15:35:00,5.0,3.0,5.0,,6.0,,
1213,2020-04-09 15:35:00,5.0,3.0,5.0,,5.0,,
1162,2020-04-09 15:35:00,5.0,3.0,5.0,,5.0,,
1156,2020-04-09 15:35:00,5.0,4.0,7.0,,6.0,,
1180,2020-04-09 15:35:00,4.0,2.0,5.0,,5.0,,
1197,2020-04-09 15:35:00,5.0,3.0,6.0,,5.0,,
1082,2020-04-09 15:40:00,5.0,4.0,4.0,,5.0,,
921,2020-04-09 15:40:00,5.0,3.0,6.0,,5.0,,
925,2020-04-09 15:40:00,6.0,3.0,4.0,,5.0,,
1210,2020-04-09 15:40:00,5.0,3.0,5.0,,6.0,,
867,2020-04-09 15:40:00,4.0,0.0,3.0,,2.0,4.0,
1101,2020-04-09 15:40:00,5.0,4.0,5.0,,5.0,,
932,2020-04-09 15:40:00,5.0,2.0,6.0,,5.0,,
1051,2020-04-09 15:40:00,5.0,3.0,6.0,,5.0,,
1033,2020-04-09 15:40:00,6.0,1.0,6.0,,5.0,,
914,2020-04-09 15:40:00,5.0,3.0,5.0,,5.0,,
973,2020-04-09 15:40:00,5.0,3.0,6.0,,3.0,,
845,2020-04-09 15:40:00,3.0,-0.0,2.0,,2.0,3.0,
844,2020-04-09 15:40:00,2.0,-0.0,2.0,,2.0,3.0,
1138,2020-04-09 15:40:00,4.0,3.0,3.0,,6.0,,
1171,2020-04-09 15:40:00,5.0,3.0,6.0,,5.0,,
902,2020-04-09 15:40:00,5.0,4.0,5.0,,5.0,,
1166,2020-04-09 15:40:00,6.0,4.0,5.0,,5.0,,
917,2020-04-09 15:40:00,5.0,4.0,4.0,,4.0,,
1133,2020-04-09 15:45:00,5.0,3.0,5.0,9.0,5.0,,5.4
1148,2020-04-09 15:45:00,5.0,3.0,4.0,,5.0,,
820,2020-04-09 15:45:00,3.0,1.0,3.0,,3.0,2.0,
1179,2020-04-09 15:45:00,5.0,2.0,5.0,,5.0,,
1128,2020-04-09 15:45:00,4.0,1.0,5.0,,5.0,,
1037,2020-04-09 15:45:00,5.0,3.0,5.0,,6.0,,
854,2020-04-09 15:45:00,3.0,-0.0,2.0,,2.0,4.0,
1194,2020-04-09 15:45:00,4.0,2.0,5.0,,4.0,,
1188,2020-04-09 15:45:00,7.0,4.0,4.0,,4.0,,
1025,2020-04-09 15:45:00,4.0,3.0,5.0,,5.0,,
1113,2020-04-09 15:45:00,5.0,4.0,5.0,,5.0,,
1097,2020-04-09 15:45:00,5.0,3.0,5.0,,4.0,,
1078,2020-04-09 15:50:00,5.0,3.0,6.0,,5.0,,
992,2020-04-09 15:50:00,6.0,4.0,6.0,,4.0,,
908,2020-04-09 15:50:00,7.0,3.0,5.0,,4.0,,
1137,2020-04-09 15:50:00,5.0,3.0,6.0,,3.0,,
1200,2020-04-09 15:50:00,4.0,4.0,6.0,,5.0,,
1017,2020-04-09 15:50:00,5.0,3.0,4.0,,5.0,,
964,2020-04-09 15:50:00,5.0,3.0,6.0,,5.0,,
903,2020-04-09 15:50:00,5.0,2.0,5.0,,5.0,,
970,2020-04-09 15:50:00,5.0,4.0,4.0,,5.0,,
857,2020-04-09 15:55:00,2.0,0.0,2.0,,1.0,2.0,
818,2020-04-09 15:55:00,1.0,0.0,1.0,,3.0,3.0,
1141,2020-04-09 15:55:00,6.0,2.0,5.0,,5.0,,
1056,2020-04-09 15:55:00,5.0,3.0,6.0,,4.0,,
1142,2020-04-09 15:55:00,5.0,3.0,4.0,,5.0,,
824,2020-04-09 15:55:00,2.0,1.0,3.0,,2.0,3.0,
930,2020-04-09 15:55:00,5.0,3.0,6.0,,5.0,,
958,2020-04-09 15:55:00,6.0,3.0,5.0,,5.0,,
1099,2020-04-09 15:55:00,5.0,2.0,3.0,,6.0,,
1204,2020-04-09 15:55:00,6.0,2.0,5.0,,4.0,,
1216,2020-04-09 15:55:00,4.0,2.0,3.0,,6.0,,
1030,2020-04-09 15:55:00,5.0,4.0,6.0,,4.0,,
965,2020-04-09 15:55:00,5.0,3.0,6.0,,5.0,,
1095,2020-04-09 15:55:00,5.0,2.0,5.0,,4.0,,
1201,2020-04-09 15:55:00,6.0,3.0,5.0,,4.0,,
988,2020-04-09 15:55:00,5.0,3.0,7.0,,5.0,,
998,2020-04-09 16:00:00,5.0,3.0,5.0,,5.0,,
827,2020-04-09 16:00:00,2.0,0.0,2.0,,1.0,2.0,
981,2020-04-09 16:00:00,5.0,2.0,4.0,,5.0,,
1181,2020-04-09 16:00:00,5.0,2.0,5.0,,6.0,,
1027,2020-04-09 16:00:00,4.0,4.0,3.0,,6.0,,
1069,2020-04-09 16:00:00,4.0,3.0,6.0,,5.0,,
900,2020-04-09 16:00:00,5.0,2.0,5.0,,5.0,,
1206,2020-04-09 16:00:00,4.0,4.0,4.0,,5.0,,
1136,2020-04-09 16:00:00,6.0,3.0,5.0,,5.0,,
1015,2020-04-09 16:00:00,5.0,3.0,5.0,,4.0,,
889,2020-04-09 16:00:00,1.0,-0.0,3.0,,3.0,2.0,
1079,2020-04-09 16:00:00,5.0,2.0,5.0,,6.0,,
985,2020-04-09 16:00:00,6.0,2.0,4.0,,4.0,,
1088,2020-04-09 16:00:00,7.0,3.0,5.0,,3.0,,
1174,2020-04-09 16:00:00,5.0,3.0,4.0,,5.0,,
1218,2020-04-09 16:05:00,6.0,4.0,6.0,,6.0,,
1041,2020-04-09 16:05:00,4.0,3.0,3.0,,5.0,,
937,2020-04-09 16:05:00,4.0,2.0,5.0,,6.0,,
1036,2020-04-09 16:05:00,5.0,3.0,5.0,,5.0,,
1160,2020-04-09 16:05:00,5.0,3.0,6.0,,4.0,,
836,2020-04-09 16:05:00,2.0,0.0,2.0,,3.0,3.0,
1044,2020-04-09 16:05:00,4.0,2.0,5.0,,4.0,,
1035,2020-04-09 16:05:00,4.0,3.0,5.0,,4.0,,
942,2020-04-09 16:05:00,5.0,4.0,4.0,,5.0,,
1198,2020-04-09 16:05:00,5.0,2.0,6.0,,5.0,,
950,2020-04-09 16:05:00,5.0,3.0,4.0,,6.0,,
999,2020-04-09 16:05:00,5.0,4.0,6.0,,5.0,,
906,2020-04-09 16:05:00,6.0,3.0,5.0,,4.0,,
1064,2020-04-09 16:05:00,5.0,2.0,4.0,,5.0,,
1023,2020-04-09 16:05:00,4.0,3.0,5.0,,4.0,,
181,2020-04-09 16:05:00,6.0,1.0,6.0,,5.0,,
982,2020-04-09 16:05:00,5.0,2.0,6.0,,5.0,,
1224,2020-04-09 16:05:00,5.0,2.0,3.0,,5.0,,
956,2020-04-09 16:10:00,5.0,3.0,4.0,,5.0,,
994,2020-04-09 16:10:00,5.0,3.0,5.0,,5.0,,
1008,2020-04-09 16:10:00,6.0,3.0,5.0,,5.0,,
1122,2020-04-09 16:10:00,6.0,4.0,5.0,,5.0,,
1120,2020-04-09 16:10:00,5.0,2.0,5.0,,4.0,,
1149,2020-04-09 16:10:00,5.0,2.0,5.0,,5.0,,
837,2020-04-09 16:10:00,3.0,1.0,2.0,,3.0,4.0,
8,2020-04-09 16:10:00,8.0,10.0,2.0,,10.0,,
1076,2020-04-09 16:10:00,5.0,4.0,6.0,,4.0,,
1212,2020-04-09 16:10:00,4.0,3.0,6.0,,5.0,,
894,2020-04-09 16:10:00,4.0,0.0,1.0,,1.0,5.0,
822,2020-04-09 16:10:00,2.0,1.0,1.0,,3.0,3.0,
877,2020-04-09 16:10:00,1.0,0.0,1.0,,2.0,4.0,
1045,2020-04-09 16:10:00,4.0,4.0,5.0,,4.0,,
1220,2020-04-09 16:15:00,6.0,2.0,5.0,,6.0,,
1109,2020-04-09 16:15:00,5.0,2.0,5.0,,5.0,,
1094,2020-04-09 16:15:00,4.0,3.0,4.0,,4.0,,
1135,2020-04-09 16:15:00,5.0,3.0,4.0,,6.0,,
1083,2020-04-09 16:15:00,5.0,2.0,6.0,,4.0,,
951,2020-04-09 16:15:00,4.0,3.0,4.0,,6.0,,
986,2020-04-09 16:15:00,5.0,3.0,6.0,,5.0,,
879,2020-04-09 16:20:00,2.0,0.0,2.0,,3.0,2.0,
1073,2020-04-09 16:20:00,6.0,3.0,4.0,,4.0,,
1072,2020-04-09 16:20:00,4.0,4.0,6.0,,4.0,,
1006,2020-04-09 16:20:00,4.0,2.0,5.0,,5.0,,
1146,2020-04-09 16:20:00,4.0,2.0,6.0,,5.0,,
1164,2020-04-09 16:20:00,6.0,4.0,6.0,,5.0,,
831,2020-04-09 16:20:00,2.0,0.0,1.0,,1.0,3.0,
1104,2020-04-09 16:25:00,5.0,4.0,5.0,,5.0,,
1147,2020-04-09 16:25:00,6.0,4.0,4.0,,6.0,,
1074,2020-04-09 16:25:00,5.0,3.0,6.0,,5.0,,
1185,2020-04-09 16:25:00,5.0,3.0,6.0,,7.0,,
864,2020-04-09 16:25:00,2.0,0.0,1.0,,2.0,3.0,
944,2020-04-09 16:25:00,5.0,3.0,6.0,,5.0,,
1031,2020-04-09 16:25:00,4.0,3.0,5.0,,6.0,,
990,2020-04-09 16:25:00,6.0,3.0,6.0,,5.0,,
1042,2020-04-09 16:25:00,5.0,3.0,6.0,,6.0,,
984,2020-04-09 16:25:00,5.0,3.0,6.0,,5.0,,
955,2020-04-09 16:25:00,4.0,4.0,5.0,,5.0,,
995,2020-04-09 16:25:00,6.0,4.0,5.0,,7.0,,
1004,2020-04-09 16:30:00,6.0,3.0,5.0,,5.0,,
915,2020-04-09 16:30:00,5.0,3.0,5.0,,6.0,,
896,2020-04-09 16:30:00,1.0,-0.0,1.0,,1.0,4.0,
940,2020-04-09 16:30:00,4.0,4.0,5.0,,5.0,,
923,2020-04-09 16:30:00,5.0,3.0,5.0,,5.0,,
1107,2020-04-09 16:35:00,5.0,4.0,6.0,,5.0,,
880,2020-04-09 16:35:00,4.0,0.0,2.0,,2.0,2.0,
1125,2020-04-09 16:35:00,5.0,2.0,6.0,,5.0,,
883,2020-04-09 16:35:00,2.0,1.0,2.0,,2.0,4.0,
997,2020-04-09 16:35:00,4.0,4.0,6.0,,3.0,,
993,2020-04-09 16:35:00,4.0,4.0,4.0,,6.0,,
1052,2020-04-09 16:35:00,5.0,3.0,5.0,,6.0,,
56,2020-04-09 16:35:00,3.0,1.0,5.0,,6.0,,
933,2020-04-09 16:35:00,5.0,3.0,4.0,,6.0,,
936,2020-04-09 16:35:00,4.0,3.0,4.0,,5.0,,
1063,2020-04-09 16:40:00,5.0,3.0,5.0,,5.0,,
1186,2020-04-09 16:40:00,5.0,3.0,5.0,,6.0,,
1161,2020-04-09 16:40:00,6.0,3.0,6.0,,5.0,,
1105,2020-04-09 16:40:00,5.0,4.0,6.0,,4.0,,
1106,2020-04-09 16:40:00,5.0,3.0,6.0,,5.0,,
1032,2020-04-09 16:40:00,5.0,4.0,5.0,,5.0,,
1116,2020-04-09 16:40:00,5.0,2.0,5.0,,5.0,,
1060,2020-04-09 16:40:00,6.0,3.0,5.0,,5.0,,
1016,2020-04-09 16:40:00,5.0,4.0,6.0,,5.0,,
873,2020-04-09 16:40:00,2.0,1.0,1.0,,3.0,2.0,
1150,2020-04-09 16:40:00,5.0,3.0,5.0,,5.0,,
983,2020-04-09 16:40:00,5.0,2.0,5.0,,5.0,,
946,2020-04-09 16:40:00,6.0,3.0,5.0,,6.0,,
947,2020-04-09 16:40:00,5.0,3.0,5.0,,6.0,,
830,2020-04-09 16:45:00,1.0,0.0,2.0,,2.0,4.0,
1202,2020-04-09 16:45:00,6.0,2.0,5.0,,5.0,,
852,2020-04-09 16:45:00,1.0,0.0,2.0,,2.0,4.0,
1123,2020-04-09 16:45:00,6.0,3.0,4.0,,5.0,,
972,2020-04-09 16:45:00,4.0,4.0,5.0,,5.0,,
1019,2020-04-09 16:45:00,5.0,2.0,4.0,,4.0,,
1195,2020-04-09 16:45:00,6.0,3.0,5.0,,6.0,,
1214,2020-04-09 16:45:00,5.0,3.0,5.0,,4.0,,
862,2020-04-09 16:45:00,1.0,1.0,2.0,,2.0,4.0,
858,2020-04-09 16:50:00,2.0,1.0,3.0,,-0.0,3.0,
1068,2020-04-09 16:50:00,4.0,3.0,5.0,,6.0,,
823,2020-04-09 16:50:00,1.0,0.0,3.0,,2.0,3.0,
1049,2020-04-09 16:50:00,5.0,3.0,5.0,,6.0,,
1175,2020-04-09 16:50:00,6.0,3.0,4.0,,5.0,,
1130,2020-04-09 16:50:00,6.0,3.0,6.0,,3.0,,
904,2020-04-09 16:50:00,5.0,3.0,7.0,,5.0,,
853,2020-04-09 16:50:00,1.0,0.0,1.0,,3.0,2.0,
1173,2020-04-09 16:50:00,5.0,5.0,6.0,,5.0,,
911,2020-04-09 16:55:00,6.0,4.0,7.0,,4.0,,
851,2020-04-09 16:55:00,2.0,-0.0,2.0,,3.0,4.0,
1050,2020-04-09 16:55:00,4.0,3.0,5.0,,6.0,,
832,2020-04-09 16:55:00,3.0,1.0,1.0,,3.0,4.0,
840,2020-04-09 16:55:00,3.0,0.0,2.0,,2.0,3.0,
905,2020-04-09 16:55:00,4.0,2.0,5.0,,6.0,,
1065,2020-04-09 16:55:00,5.0,4.0,4.0,,6.0,,
1139,2020-04-09 16:55:00,5.0,4.0,4.0,,6.0,,
953,2020-04-09 16:55:00,3.0,4.0,4.0,4.0,7.0,,4.4
1020,2020-04-09 16:55:00,5.0,3.0,7.0,,5.0,,
961,2020-04-09 16:55:00,5.0,2.0,5.0,9.0,5.0,,5.2
976,2020-04-09 16:55:00,6.0,4.0,4.0,,5.0,,
1169,2020-04-09 17:00:00,5.0,3.0,5.0,,5.0,,
927,2020-04-09 17:00:00,5.0,3.0,4.0,,5.0,,
1168,2020-04-09 17:00:00,5.0,3.0,4.0,,5.0,,
1199,2020-04-09 17:00:00,5.0,3.0,4.0,,5.0,,
916,2020-04-09 17:00:00,4.0,3.0,3.0,,5.0,,
918,2020-04-09 17:00:00,6.0,3.0,5.0,,5.0,,
1046,2020-04-09 17:00:00,4.0,2.0,5.0,,5.0,,
1217,2020-04-09 17:00:00,4.0,4.0,5.0,,5.0,,
974,2020-04-09 17:00:00,5.0,4.0,6.0,2.0,5.0,,4.4
957,2020-04-09 17:00:00,4.0,4.0,6.0,,5.0,,
1013,2020-04-09 17:00:00,5.0,3.0,5.0,,5.0,,
991,2020-04-09 17:05:00,4.0,3.0,4.0,,5.0,,
949,2020-04-09 17:05:00,4.0,4.0,5.0,,4.0,,
1053,2020-04-09 17:05:00,6.0,4.0,5.0,,6.0,,
1184,2020-04-09 17:05:00,4.0,5.0,5.0,,6.0,,
1163,2020-04-09 17:05:00,5.0,2.0,5.0,,5.0,,
838,2020-04-09 17:05:00,2.0,1.0,3.0,,1.0,3.0,
1077,2020-04-09 17:05:00,6.0,4.0,5.0,,5.0,,
843,2020-04-09 17:05:00,2.0,0.0,1.0,,2.0,2.0,
887,2020-04-09 17:10:00,2.0,0.0,2.0,,2.0,2.0,
1092,2020-04-09 17:10:00,6.0,4.0,5.0,,6.0,,
1207,2020-04-09 17:10:00,5.0,4.0,4.0,,4.0,,
892,2020-04-09 17:10:00,3.0,0.0,3.0,,2.0,3.0,
1081,2020-04-09 17:10:00,5.0,4.0,4.0,,5.0,,
1005,2020-04-09 17:15:00,4.0,2.0,5.0,,5.0,,
1117,2020-04-09 17:15:00,6.0,3.0,5.0,,4.0,,
996,2020-04-09 17:15:00,5.0,3.0,5.0,,6.0,,
1126,2020-04-09 17:15:00,7.0,3.0,5.0,,4.0,,
1143,2020-04-09 17:15:00,5.0,4.0,4.0,,4.0,,
1080,2020-04-09 17:15:00,4.0,4.0,4.0,,4.0,,
913,2020-04-09 17:20:00,6.0,3.0,5.0,,6.0,,
939,2020-04-09 17:20:00,5.0,4.0,6.0,,4.0,,
938,2020-04-09 17:20:00,5.0,3.0,4.0,,5.0,,
1205,2020-04-09 17:20:00,4.0,4.0,4.0,,5.0,,
872,2020-04-09 17:20:00,2.0,0.0,2.0,,2.0,3.0,
1132,2020-04-09 17:20:00,4.0,2.0,5.0,4.0,5.0,,4.0
1059,2020-04-09 17:25:00,5.0,1.0,5.0,,5.0,,
174,2020-04-09 17:25:00,1.0,6.0,10.0,,5.0,,
1145,2020-04-09 17:25:00,6.0,4.0,4.0,,6.0,,
1055,2020-04-09 17:25:00,5.0,3.0,4.0,,5.0,,
1131,2020-04-09 17:30:00,5.0,3.0,5.0,,5.0,,
1167,2020-04-09 17:30:00,4.0,4.0,5.0,,5.0,,
1085,2020-04-09 17:30:00,4.0,3.0,6.0,,5.0,,
931,2020-04-09 17:30:00,4.0,3.0,7.0,5.0,4.0,,4.6
136,2020-04-09 17:30:00,9.0,1.0,4.0,,8.0,,
962,2020-04-09 17:30:00,5.0,3.0,5.0,,5.0,,
1223,2020-04-09 17:35:00,4.0,2.0,5.0,,5.0,,
1183,2020-04-09 17:35:00,6.0,4.0,5.0,,4.0,,
123,2020-04-09 17:35:00,4.0,5.0,9.0,,8.0,,
1014,2020-04-09 17:35:00,6.0,2.0,6.0,,5.0,,
890,2020-04-09 17:40:00,2.0,0.0,1.0,,2.0,3.0,
1111,2020-04-09 17:40:00,5.0,2.0,4.0,,4.0,,
868,2020-04-09 17:40:00,3.0,0.0,1.0,,3.0,2.0,
1118,2020-04-09 17:40:00,3.0,4.0,5.0,,5.0,,
1211,2020-04-09 17:40:00,5.0,4.0,6.0,,4.0,,
1157,2020-04-09 17:40:00,5.0,3.0,4.0,,6.0,,
885,2020-04-09 17:40:00,2.0,0.0,3.0,,2.0,3.0,
943,2020-04-09 17:45:00,5.0,3.0,4.0,,5.0,,
1009,2020-04-09 17:45:00,5.0,2.0,5.0,,6.0,,
25,2020-04-09 17:45:00,1.0,9.0,10.0,,0.0,,
920,2020-04-09 17:45:00,5.0,4.0,5.0,,5.0,,
907,2020-04-09 17:45:00,5.0,2.0,5.0,,5.0,,
1155,2020-04-09 17:50:00,5.0,3.0,4.0,,5.0,,
848,2020-04-09 17:55:00,2.0,1.0,2.0,,2.0,3.0,
987,2020-04-09 17:55:00,5.0,4.0,5.0,,5.0,,
1203,2020-04-09 17:55:00,5.0,4.0,5.0,,5.0,,
1140,2020-04-09 17:55:00,6.0,3.0,6.0,,5.0,,
1061,2020-04-09 17:55:00,5.0,3.0,5.0,,7.0,,
1098,2020-04-09 18:00:00,5.0,2.0,5.0,,4.0,,
909,2020-04-09 18:00:00,6.0,3.0,5.0,,6.0,,
1187,2020-04-09 18:00:00,4.0,3.0,5.0,,4.0,,
919,2020-04-09 18:00:00,5.0,4.0,5.0,,5.0,,
1075,2020-04-09 18:05:00,4.0,3.0,6.0,,5.0,,
866,2020-04-09 18:05:00,2.0,1.0,1.0,,2.0,3.0,
901,2020-04-09 18:05:00,5.0,4.0,4.0,7.0,4.0,,4.8
1176,2020-04-09 18:05:00,5.0,3.0,4.0,,6.0,,
1093,2020-04-09 18:05:00,5.0,3.0,6.0,,5.0,,
1040,2020-04-09 18:05:00,5.0,3.0,5.0,,4.0,,
978,2020-04-09 18:10:00,6.0,3.0,6.0,,4.0,,
1114,2020-04-09 18:10:00,6.0,4.0,6.0,,5.0,,
910,2020-04-09 18:10:00,5.0,4.0,6.0,,5.0,,
1154,2020-04-09 18:10:00,6.0,3.0,5.0,,5.0,,
128,2020-04-09 18:10:00,3.0,4.0,10.0,,6.0,,
971,2020-04-09 18:10:00,6.0,3.0,6.0,,5.0,,
1000,2020-04-09 18:15:00,4.0,3.0,5.0,,5.0,,
1090,2020-04-09 18:15:00,5.0,3.0,5.0,,5.0,,
1209,2020-04-09 18:15:00,4.0,3.0,7.0,,5.0,,
1134,2020-04-09 18:20:00,5.0,2.0,7.0,,6.0,,
1215,2020-04-09 18:20:00,4.0,3.0,4.0,,5.0,,
960,2020-04-09 18:20:00,5.0,3.0,5.0,,5.0,,
924,2020-04-09 18:20:00,6.0,3.0,5.0,,5.0,,
1225,2020-04-09 18:25:00,5.0,3.0,5.0,,6.0,,
954,2020-04-09 18:25:00,5.0,4.0,5.0,,4.0,,
871,2020-04-09 18:25:00,2.0,1.0,2.0,,2.0,2.0,
1096,2020-04-09 18:30:00,6.0,4.0,4.0,,4.0,,
847,2020-04-09 18:30:00,2.0,1.0,2.0,,1.0,3.0,
899,2020-04-09 18:35:00,6.0,3.0,6.0,,5.0,,
886,2020-04-09 18:35:00,2.0,0.0,2.0,,1.0,3.0,
966,2020-04-09 18:35:00,5.0,3.0,4.0,,5.0,,
975,2020-04-09 18:40:00,5.0,1.0,6.0,0.0,6.0,,3.6
1196,2020-04-09 18:40:00,5.0,3.0,5.0,,5.0,,
846,2020-04-09 18:40:00,2.0,1.0,3.0,,4.0,3.0,
1029,2020-04-09 18:45:00,5.0,3.0,5.0,,5.0,,
829,2020-04-09 18:45:00,2.0,-0.0,1.0,,2.0,3.0,
1058,2020-04-09 18:45:00,4.0,3.0,4.0,,6.0,,
1086,2020-04-09 18:45:00,5.0,4.0,4.0,2.0,5.0,,4.0
1110,2020-04-09 18:50:00,4.0,2.0,5.0,,5.0,,
1039,2020-04-09 18:50:00,4.0,4.0,4.0,,5.0,,
62,2020-04-09 19:00:00,0.0,10.0,2.0,,0.0,1.0,
895,2020-04-09 19:00:00,2.0,1.0,3.0,,2.0,4.0,
874,2020-04-09 19:00:00,2.0,0.0,2.0,,2.0,4.0,
1189,2020-04-09 19:05:00,5.0,2.0,5.0,,5.0,,
1102,2020-04-09 19:05:00,5.0,3.0,4.0,,5.0,,
1208,2020-04-09 19:05:00,5.0,3.0,5.0,,6.0,,
1158,2020-04-09 19:15:00,6.0,3.0,4.0,,5.0,,
834,2020-04-09 19:15:00,2.0,0.0,2.0,,3.0,3.0,
825,2020-04-09 19:20:00,2.0,0.0,1.0,,1.0,4.0,
1152,2020-04-09 19:20:00,4.0,2.0,5.0,,5.0,,
1047,2020-04-09 19:25:00,5.0,4.0,4.0,,7.0,,
928,2020-04-09 19:30:00,5.0,3.0,6.0,,6.0,,
876,2020-04-09 19:30:00,2.0,0.0,1.0,,2.0,2.0,
1219,2020-04-09 19:30:00,6.0,3.0,4.0,,5.0,,
865,2020-04-09 19:40:00,3.0,0.0,2.0,,1.0,3.0,
850,2020-04-09 19:40:00,4.0,0.0,2.0,,2.0,3.0,
819,2020-04-09 19:40:00,2.0,0.0,2.0,,3.0,2.0,
882,2020-04-09 19:45:00,3.0,0.0,2.0,,3.0,2.0,
1112,2020-04-09 19:45:00,5.0,4.0,6.0,,6.0,,
1071,2020-04-09 19:55:00,7.0,4.0,5.0,,5.0,,
859,2020-04-09 20:00:00,2.0,1.0,2.0,,2.0,3.0,
897,2020-04-09 20:05:00,2.0,-0.0,2.0,,1.0,4.0,
1021,2020-04-09 20:05:00,5.0,2.0,4.0,,6.0,,
82,2020-04-09 20:10:00,8.0,3.0,9.0,,9.0,,
1121,2020-04-09 20:20:00,6.0,2.0,5.0,,6.0,,
1182,2020-04-09 20:25:00,4.0,3.0,5.0,,5.0,,
941,2020-04-09 20:30:00,6.0,2.0,5.0,,6.0,,
1159,2020-04-09 20:35:00,4.0,4.0,4.0,,5.0,,
952,2020-04-09 20:40:00,5.0,3.0,6.0,,6.0,,
31,2020-04-09 21:15:00,7.0,5.0,9.0,,2.0,0.0,
190,2020-04-09 21:55:00,10.0,9.0,5.0,,10.0,,
1193,2020-04-09 22:20:00,5.0,3.0,5.0,,5.0,,
26,2020-04-09 22:25:00,5.0,4.0,10.0,,2.0,,
1011,2020-04-09 22:40:00,5.0,3.0,5.0,,5.0,,
167,2020-04-09 22:45:00,8.0,2.0,7.0,,9.0,,
13,2020-04-09 22:50:00,3.0,2.0,5.0,,4.0,,
21,2020-04-09 23:00:00,9.0,5.0,8.0,,9.0,,
980,2020-04-09 23:10:00,6.0,4.0,6.0,,5.0,,
64,2020-04-09 23:10:00,10.0,1.0,0.0,,0.0,,
99,2020-04-10 00:20:00,6.0,10.0,8.0,,10.0,,
172,2020-04-10 00:30:00,6.0,10.0,7.0,,10.0,0.0,
150,2020-04-10 00:55:00,8.0,5.0,9.0,,10.0,,
117,2020-04-10 01:05:00,2.0,1.0,3.0,,10.0,,
94,2020-04-10 01:15:00,6.0,3.0,3.0,,0.0,,
1191,2020-04-10 01:25:00,4.0,4.0,6.0,,5.0,,
71,2020-04-10 01:50:00,8.0,6.0,9.0,,8.0,,
102,2020-04-10 02:25:00,1.0,1.0,1.0,,2.0,,
185,2020-04-10 03:05:00,4.0,4.0,7.0,,6.0,,
66,2020-04-10 03:20:00,5.0,0.0,10.0,,1.0,,
115,2020-04-10 03:50:00,1.0,7.0,4.0,,10.0,,
32,2020-04-10 04:20:00,1.0,1.0,2.0,,4.0,0.0,
41,2020-04-10 04:45:00,10.0,2.0,0.0,,1.0,,
74,2020-04-10 05:35:00,4.0,0.0,1.0,,9.0,,
176,2020-04-10 05:55:00,8.0,5.0,9.0,,1.0,,
103,2020-04-10 06:10:00,2.0,4.0,10.0,,3.0,,
145,2020-04-10 06:35:00,9.0,10.0,8.0,,4.0,0.0,
212,2020-04-10 06:55:00,3.0,9.0,2.0,,10.0,,
151,2020-04-10 07:10:00,4.0,0.0,2.0,,10.0,,
60,2020-04-10 07:20:00,1.0,0.0,9.0,,7.0,,
209,2020-04-10 08:00:00,7.0,3.0,3.0,,0.0,0.0,
81,2020-04-10 08:10:00,10.0,10.0,10.0,,3.0,,
42,2020-04-10 09:45:00,5.0,5.0,1.0,,1.0,,
101,2020-04-10 10:35:00,9.0,10.0,6.0,,5.0,,
178,2020-04-10 11:10:00,7.0,9.0,1.0,,10.0,,
215,2020-04-10 12:25:00,9.0,9.0,8.0,,10.0,,
186,2020-04-10 14:10:00,6.0,5.0,6.0,,4.0,,
75,2020-04-10 14:10:00,3.0,9.0,9.0,,10.0,0.0,
100,2020-04-10 14:20:00,2.0,5.0,0.0,,10.0,,
0,2020-04-10 14:50:00,0.0,4.0,2.0,,5.0,,
211,2020-04-10 15:00:00,10.0,5.0,9.0,,1.0,,
121,2020-04-10 16:35:00,1.0,1.0,4.0,,7.0,,
92,2020-04-10 16:40:00,8.0,10.0,8.0,,10.0,,
85,2020-04-10 17:20:00,7.0,10.0,9.0,,3.0,,
89,2020-04-10 18:10:00,0.0,10.0,5.0,,5.0,,
73,2020-04-10 18:35:00,7.0,5.0,1.0,,7.0,1.0,
19,2020-04-10 18:55:00,10.0,6.0,7.0,,0.0,,
144,2020-04-10 18:55:00,4.0,3.0,2.0,,3.0,,
24,2020-04-10 19:05:00,1.0,10.0,4.0,,0.0,,
214,2020-04-10 19:35:00,7.0,1.0,0.0,,10.0,1.0,
16,2020-04-10 19:55:00,5.0,3.0,3.0,,10.0,,
132,2020-04-10 20:00:00,10.0,9.0,1.0,,10.0,,
20,2020-04-10 21:15:00,5.0,5.0,1.0,,5.0,,
49,2020-04-10 22:05:00,10.0,10.0,10.0,,2.0,,
142,2020-04-10 22:15:00,10.0,6.0,5.0,,5.0,,
154,2020-04-10 22:15:00,6.0,6.0,5.0,,0.0,,
160,2020-04-10 22:25:00,7.0,9.0,3.0,,7.0,0.0,
195,2020-04-10 22:40:00,2.0,9.0,0.0,,6.0,,
67,2020-04-10 23:10:00,5.0,10.0,6.0,,4.0,,
58,2020-04-11 00:00:00,4.0,9.0,7.0,,7.0,,
